aircraft,mod,flap,isa_dev,cruise_alt,mach,payload,taxi_fuel,reserve_fuel,save_plot,initial_fuel_lb,takeoff_weight_lb,status,error_message,total_dist_nm,total_time_min,fuel_burned_lb,first_level_off_ft,cruise_vktas_kts,cruise_vkias_kts,achieved_alt_ft,altitude_limited,achieved_mach,mach_limited,reserve_fuel_calc_lb
CJ1,Flatwing,0,-10,41000,0.7,0,100,600,False,3440,10590,ok,,1382.0,240,2740,40737,382.9630919650881,196.0,40737,False,0.6677318400817975,True,700
CJ1,Flatwing,0,-10,41000,0.7,230,100,600,False,3320,10700,ok,,1300.0,227,2620,40517,381.9242177600847,197.0,40517,False,0.665920466090218,True,700
CJ1,Flatwing,0,-10,41000,0.7,460,100,600,False,3090,10700,ok,,1170.0,206,2390,40517,380.22909484571835,196.0,40517,False,0.6629648613164875,True,700
CJ1,Flatwing,0,-10,41000,0.7,690,100,600,False,2860,10700,ok,,1041.0,186,2160,40517,378.4464663709795,195.0,40517,False,0.6598566824433962,True,700
CJ1,Flatwing,0,-10,41000,0.7,920,100,600,False,2630,10700,ok,,913.0,165,1930,40517,376.56240625357015,195.0,40517,False,0.6565716480486531,True,700
CJ1,Flatwing,0,-10,41000,0.7,1150,100,600,False,2400,10700,ok,,785.0,145,1700,40517,374.56029411446383,194.0,40517,False,0.6530807789525329,True,700
CJ1,Flatwing,0,-10,41000,0.69,0,100,600,False,3440,10590,ok,,1382.0,240,2740,40737,382.9630919650881,196.0,40737,False,0.6677318400817975,True,700
CJ1,Flatwing,0,-10,41000,0.69,230,100,600,False,3320,10700,ok,,1300.0,227,2620,40517,381.9242177600847,197.0,40517,False,0.665920466090218,True,700
CJ1,Flatwing,0,-10,41000,0.69,460,100,600,False,3090,10700,ok,,1170.0,206,2390,40517,380.22909484571835,196.0,40517,False,0.6629648613164875,True,700
CJ1,Flatwing,0,-10,41000,0.69,690,100,600,False,2860,10700,ok,,1041.0,186,2160,40517,378.4464663709795,195.0,40517,False,0.6598566824433962,True,700
CJ1,Flatwing,0,-10,41000,0.69,920,100,600,False,2630,10700,ok,,913.0,165,1930,40517,376.56240625357015,195.0,40517,False,0.6565716480486531,True,700
CJ1,Flatwing,0,-10,41000,0.69,1150,100,600,False,2400,10700,ok,,785.0,145,1700,40517,374.56029411446383,194.0,40517,False,0.6530807789525329,True,700
CJ1,Flatwing,0,-10,41000,0.68,0,100,600,False,3440,10590,ok,,1382.0,240,2740,40737,382.9630919650881,196.0,40737,False,0.6677318400817975,True,700
CJ1,Flatwing,0,-10,41000,0.68,230,100,600,False,3320,10700,ok,,1300.0,227,2620,40517,381.9242177600847,197.0,40517,False,0.665920466090218,True,700
CJ1,Flatwing,0,-10,41000,0.68,460,100,600,False,3090,10700,ok,,1170.0,206,2390,40517,380.22909484571835,196.0,40517,False,0.6629648613164875,True,700
CJ1,Flatwing,0,-10,41000,0.68,690,100,600,False,2860,10700,ok,,1041.0,186,2160,40517,378.4464663709795,195.0,40517,False,0.6598566824433962,True,700
CJ1,Flatwing,0,-10,41000,0.68,920,100,600,False,2630,10700,ok,,913.0,165,1930,40517,376.56240625357015,195.0,40517,False,0.6565716480486531,True,700
CJ1,Flatwing,0,-10,41000,0.68,1150,100,600,False,2400,10700,ok,,785.0,145,1700,40517,374.56029411446383,194.0,40517,False,0.6530807789525329,True,700
CJ1,Flatwing,0,0,41000,0.7,0,100,600,False,3440,10590,ok,,1386.0,240,2740,39763,383.02075225643773,196.0,39763,True,0.6678323761732653,True,700
CJ1,Flatwing,0,0,41000,0.7,230,100,600,False,3320,10700,ok,,1304.0,227,2620,39540,381.983655901943,197.0,39540,True,0.6660241020297297,True,700
CJ1,Flatwing,0,0,41000,0.7,460,100,600,False,3090,10700,ok,,1175.0,206,2390,39540,380.2990336133063,196.0,39540,True,0.6630868060755369,True,700
CJ1,Flatwing,0,0,41000,0.7,690,100,600,False,2860,10700,ok,,1046.0,186,2160,39540,378.5205112876398,196.0,39540,True,0.6599857866560151,True,700
CJ1,Flatwing,0,0,41000,0.7,920,100,600,False,2630,10700,ok,,917.0,165,1930,39540,376.6408830672179,195.0,39540,True,0.6567084796866887,True,700
CJ1,Flatwing,0,0,41000,0.7,1150,100,600,False,2400,10700,ok,,790.0,145,1700,39540,374.6435964091278,194.0,39540,True,0.6532260242664183,True,700
CJ1,Flatwing,0,0,41000,0.69,0,100,600,False,3440,10590,ok,,1386.0,240,2740,39763,383.02075225643773,196.0,39763,True,0.6678323761732653,True,700
CJ1,Flatwing,0,0,41000,0.69,230,100,600,False,3320,10700,ok,,1304.0,227,2620,39540,381.983655901943,197.0,39540,True,0.6660241020297297,True,700
CJ1,Flatwing,0,0,41000,0.69,460,100,600,False,3090,10700,ok,,1175.0,206,2390,39540,380.2990336133063,196.0,39540,True,0.6630868060755369,True,700
CJ1,Flatwing,0,0,41000,0.69,690,100,600,False,2860,10700,ok,,1046.0,186,2160,39540,378.5205112876398,196.0,39540,True,0.6599857866560151,True,700
CJ1,Flatwing,0,0,41000,0.69,920,100,600,False,2630,10700,ok,,917.0,165,1930,39540,376.6408830672179,195.0,39540,True,0.6567084796866887,True,700
CJ1,Flatwing,0,0,41000,0.69,1150,100,600,False,2400,10700,ok,,790.0,145,1700,39540,374.6435964091278,194.0,39540,True,0.6532260242664183,True,700
CJ1,Flatwing,0,0,41000,0.68,0,100,600,False,3440,10590,ok,,1386.0,240,2740,39763,383.02075225643773,196.0,39763,True,0.6678323761732653,True,700
CJ1,Flatwing,0,0,41000,0.68,230,100,600,False,3320,10700,ok,,1304.0,227,2620,39540,381.983655901943,197.0,39540,True,0.6660241020297297,True,700
CJ1,Flatwing,0,0,41000,0.68,460,100,600,False,3090,10700,ok,,1175.0,206,2390,39540,380.2990336133063,196.0,39540,True,0.6630868060755369,True,700
CJ1,Flatwing,0,0,41000,0.68,690,100,600,False,2860,10700,ok,,1046.0,186,2160,39540,378.5205112876398,196.0,39540,True,0.6599857866560151,True,700
CJ1,Flatwing,0,0,41000,0.68,920,100,600,False,2630,10700,ok,,917.0,165,1930,39540,376.6408830672179,195.0,39540,True,0.6567084796866887,True,700
CJ1,Flatwing,0,0,41000,0.68,1150,100,600,False,2400,10700,ok,,790.0,145,1700,39540,374.6435964091278,194.0,39540,True,0.6532260242664183,True,700
CJ1,Flatwing,0,10,41000,0.7,0,100,600,False,3440,10590,ok,,1391.0,240,2740,38787,383.0846816168526,196.0,38787,True,0.6679438429708776,True,700
CJ1,Flatwing,0,10,41000,0.7,230,100,600,False,3320,10700,ok,,1309.0,227,2620,38570,382.0363555087663,197.0,38570,True,0.6661159887054278,True,700
CJ1,Flatwing,0,10,41000,0.7,460,100,600,False,3090,10700,ok,,1180.0,207,2390,38570,380.35474316230284,196.0,38570,True,0.6631839408659177,True,700
CJ1,Flatwing,0,10,41000,0.7,690,100,600,False,2860,10700,ok,,1051.0,186,2160,38570,378.5720380809108,196.0,38570,True,0.6600756284219874,True,700
CJ1,Flatwing,0,10,41000,0.7,920,100,600,False,2630,10700,ok,,922.0,166,1930,38570,376.6954742501813,195.0,38570,True,0.6568036645016675,True,700
CJ1,Flatwing,0,10,41000,0.7,1150,100,600,False,2400,10700,ok,,795.0,145,1700,38570,374.70983015961696,194.0,38570,True,0.6533415089828768,True,700
CJ1,Flatwing,0,10,41000,0.69,0,100,600,False,3440,10590,ok,,1391.0,240,2740,38787,383.0846816168526,196.0,38787,True,0.6679438429708776,True,700
CJ1,Flatwing,0,10,41000,0.69,230,100,600,False,3320,10700,ok,,1309.0,227,2620,38570,382.0363555087663,197.0,38570,True,0.6661159887054278,True,700
CJ1,Flatwing,0,10,41000,0.69,460,100,600,False,3090,10700,ok,,1180.0,207,2390,38570,380.35474316230284,196.0,38570,True,0.6631839408659177,True,700
CJ1,Flatwing,0,10,41000,0.69,690,100,600,False,2860,10700,ok,,1051.0,186,2160,38570,378.5720380809108,196.0,38570,True,0.6600756284219874,True,700
CJ1,Flatwing,0,10,41000,0.69,920,100,600,False,2630,10700,ok,,922.0,166,1930,38570,376.6954742501813,195.0,38570,True,0.6568036645016675,True,700
CJ1,Flatwing,0,10,41000,0.69,1150,100,600,False,2400,10700,ok,,795.0,145,1700,38570,374.70983015961696,194.0,38570,True,0.6533415089828768,True,700
CJ1,Flatwing,0,10,41000,0.68,0,100,600,False,3440,10590,ok,,1391.0,240,2740,38787,383.0846816168526,196.0,38787,True,0.6679438429708776,True,700
CJ1,Flatwing,0,10,41000,0.68,230,100,600,False,3320,10700,ok,,1309.0,227,2620,38570,382.0363555087663,197.0,38570,True,0.6661159887054278,True,700
CJ1,Flatwing,0,10,41000,0.68,460,100,600,False,3090,10700,ok,,1180.0,207,2390,38570,380.35474316230284,196.0,38570,True,0.6631839408659177,True,700
CJ1,Flatwing,0,10,41000,0.68,690,100,600,False,2860,10700,ok,,1051.0,186,2160,38570,378.5720380809108,196.0,38570,True,0.6600756284219874,True,700
CJ1,Flatwing,0,10,41000,0.68,920,100,600,False,2630,10700,ok,,922.0,166,1930,38570,376.6954742501813,195.0,38570,True,0.6568036645016675,True,700
CJ1,Flatwing,0,10,41000,0.68,1150,100,600,False,2400,10700,ok,,795.0,145,1700,38570,374.70983015961696,194.0,38570,True,0.6533415089828768,True,700
CJ1,Flatwing,0,20,41000,0.7,0,100,600,False,3440,10590,ok,,1395.0,241,2740,37807,383.1506236628009,196.0,37807,True,0.6680588190732845,True,700
CJ1,Flatwing,0,20,41000,0.7,230,100,600,False,3320,10700,ok,,1313.0,228,2620,37593,382.0955451623655,197.0,37593,True,0.6662191913825024,True,700
CJ1,Flatwing,0,20,41000,0.7,460,100,600,False,3090,10700,ok,,1184.0,207,2390,37593,380.42438365427944,196.0,37593,True,0.6633053655536418,True,700
CJ1,Flatwing,0,20,41000,0.7,690,100,600,False,2860,10700,ok,,1055.0,187,2160,37593,378.6531906041344,196.0,37593,True,0.6602171254090243,True,700
CJ1,Flatwing,0,20,41000,0.7,920,100,600,False,2630,10700,ok,,927.0,166,1930,37593,376.78147093766535,195.0,37593,True,0.6569536077405316,True,700
CJ1,Flatwing,0,20,41000,0.7,1150,100,600,False,2400,10700,ok,,799.0,146,1700,37593,374.8010770847786,194.0,37593,True,0.653500606500414,True,700
CJ1,Flatwing,0,20,41000,0.69,0,100,600,False,3440,10590,ok,,1395.0,241,2740,37807,383.1506236628009,196.0,37807,True,0.6680588190732845,True,700
CJ1,Flatwing,0,20,41000,0.69,230,100,600,False,3320,10700,ok,,1313.0,228,2620,37593,382.0955451623655,197.0,37593,True,0.6662191913825024,True,700
CJ1,Flatwing,0,20,41000,0.69,460,100,600,False,3090,10700,ok,,1184.0,207,2390,37593,380.42438365427944,196.0,37593,True,0.6633053655536418,True,700
CJ1,Flatwing,0,20,41000,0.69,690,100,600,False,2860,10700,ok,,1055.0,187,2160,37593,378.6531906041344,196.0,37593,True,0.6602171254090243,True,700
CJ1,Flatwing,0,20,41000,0.69,920,100,600,False,2630,10700,ok,,927.0,166,1930,37593,376.78147093766535,195.0,37593,True,0.6569536077405316,True,700
CJ1,Flatwing,0,20,41000,0.69,1150,100,600,False,2400,10700,ok,,799.0,146,1700,37593,374.8010770847786,194.0,37593,True,0.653500606500414,True,700
CJ1,Flatwing,0,20,41000,0.68,0,100,600,False,3440,10590,ok,,1395.0,241,2740,37807,383.1506236628009,196.0,37807,True,0.6680588190732845,True,700
CJ1,Flatwing,0,20,41000,0.68,230,100,600,False,3320,10700,ok,,1313.0,228,2620,37593,382.0955451623655,197.0,37593,True,0.6662191913825024,True,700
CJ1,Flatwing,0,20,41000,0.68,460,100,600,False,3090,10700,ok,,1184.0,207,2390,37593,380.42438365427944,196.0,37593,True,0.6633053655536418,True,700
CJ1,Flatwing,0,20,41000,0.68,690,100,600,False,2860,10700,ok,,1055.0,187,2160,37593,378.6531906041344,196.0,37593,True,0.6602171254090243,True,700
CJ1,Flatwing,0,20,41000,0.68,920,100,600,False,2630,10700,ok,,927.0,166,1930,37593,376.78147093766535,195.0,37593,True,0.6569536077405316,True,700
CJ1,Flatwing,0,20,41000,0.68,1150,100,600,False,2400,10700,ok,,799.0,146,1700,37593,374.8010770847786,194.0,37593,True,0.653500606500414,True,700
CJ1,Flatwing,0,-10,39000,0.7,0,100,600,False,3440,10590,ok,,1305.0,224,2740,39000,386.348637033078,210.0,39000,False,0.6736348534148286,True,700
CJ1,Flatwing,0,-10,39000,0.7,230,100,600,False,3320,10700,ok,,1238.0,214,2620,39000,385.03597097548624,205.0,39000,False,0.671346097812948,True,700
CJ1,Flatwing,0,-10,39000,0.7,460,100,600,False,3090,10700,ok,,1116.0,195,2390,39000,383.66273996761777,205.0,39000,False,0.6689517415760682,True,700
CJ1,Flatwing,0,-10,39000,0.7,690,100,600,False,2860,10700,ok,,995.0,176,2160,39000,382.21459532116495,204.0,39000,False,0.6664267664289365,True,700
CJ1,Flatwing,0,-10,39000,0.7,920,100,600,False,2630,10700,ok,,874.0,157,1930,39000,380.6999150794842,204.0,39000,False,0.6637857802709146,True,700
CJ1,Flatwing,0,-10,39000,0.7,1150,100,600,False,2400,10700,ok,,753.0,138,1700,39000,379.1007292066322,203.0,39000,False,0.6609974506696652,True,700
CJ1,Flatwing,0,-10,39000,0.69,0,100,600,False,3440,10590,ok,,1305.0,224,2740,39000,386.348637033078,210.0,39000,False,0.6736348534148286,True,700
CJ1,Flatwing,0,-10,39000,0.69,230,100,600,False,3320,10700,ok,,1238.0,214,2620,39000,385.03597097548624,205.0,39000,False,0.671346097812948,True,700
CJ1,Flatwing,0,-10,39000,0.69,460,100,600,False,3090,10700,ok,,1116.0,195,2390,39000,383.66273996761777,205.0,39000,False,0.6689517415760682,True,700
CJ1,Flatwing,0,-10,39000,0.69,690,100,600,False,2860,10700,ok,,995.0,176,2160,39000,382.21459532116495,204.0,39000,False,0.6664267664289365,True,700
CJ1,Flatwing,0,-10,39000,0.69,920,100,600,False,2630,10700,ok,,874.0,157,1930,39000,380.6999150794842,204.0,39000,False,0.6637857802709146,True,700
CJ1,Flatwing,0,-10,39000,0.69,1150,100,600,False,2400,10700,ok,,753.0,138,1700,39000,379.1007292066322,203.0,39000,False,0.6609974506696652,True,700
CJ1,Flatwing,0,-10,39000,0.68,0,100,600,False,3440,10590,ok,,1305.0,224,2740,39000,386.348637033078,210.0,39000,False,0.6736348534148286,True,700
CJ1,Flatwing,0,-10,39000,0.68,230,100,600,False,3320,10700,ok,,1238.0,214,2620,39000,385.03597097548624,205.0,39000,False,0.671346097812948,True,700
CJ1,Flatwing,0,-10,39000,0.68,460,100,600,False,3090,10700,ok,,1116.0,195,2390,39000,383.66273996761777,205.0,39000,False,0.6689517415760682,True,700
CJ1,Flatwing,0,-10,39000,0.68,690,100,600,False,2860,10700,ok,,995.0,176,2160,39000,382.21459532116495,204.0,39000,False,0.6664267664289365,True,700
CJ1,Flatwing,0,-10,39000,0.68,920,100,600,False,2630,10700,ok,,874.0,157,1930,39000,380.6999150794842,204.0,39000,False,0.6637857802709146,True,700
CJ1,Flatwing,0,-10,39000,0.68,1150,100,600,False,2400,10700,ok,,753.0,138,1700,39000,379.1007292066322,203.0,39000,False,0.6609974506696652,True,700
CJ1,Flatwing,0,0,39000,0.7,0,100,600,False,3440,10590,ok,,1352.0,233,2740,38996,384.797008793386,200.0,38996,False,0.6709294449790025,True,700
CJ1,Flatwing,0,0,39000,0.7,230,100,600,False,3320,10700,ok,,1282.0,222,2620,38997,383.3154905422835,199.0,38997,False,0.6683462798419987,True,700
CJ1,Flatwing,0,0,39000,0.7,460,100,600,False,3090,10700,ok,,1155.0,202,2390,38997,381.75346555850376,199.0,38997,False,0.6656227437139582,True,700
CJ1,Flatwing,0,0,39000,0.7,690,100,600,False,2860,10700,ok,,1029.0,182,2160,38997,380.1079440654081,198.0,38997,False,0.6627536236406874,True,700
CJ1,Flatwing,0,0,39000,0.7,920,100,600,False,2630,10700,ok,,903.0,162,1930,38997,378.373028868253,197.0,38997,False,0.6597286373135771,True,700
CJ1,Flatwing,0,0,39000,0.7,1150,100,600,False,2400,10700,ok,,778.0,142,1700,38997,376.5420392661125,197.0,38997,False,0.6565361363079727,True,700
CJ1,Flatwing,0,0,39000,0.69,0,100,600,False,3440,10590,ok,,1352.0,233,2740,38996,384.797008793386,200.0,38996,False,0.6709294449790025,True,700
CJ1,Flatwing,0,0,39000,0.69,230,100,600,False,3320,10700,ok,,1282.0,222,2620,38997,383.3154905422835,199.0,38997,False,0.6683462798419987,True,700
CJ1,Flatwing,0,0,39000,0.69,460,100,600,False,3090,10700,ok,,1155.0,202,2390,38997,381.75346555850376,199.0,38997,False,0.6656227437139582,True,700
CJ1,Flatwing,0,0,39000,0.69,690,100,600,False,2860,10700,ok,,1029.0,182,2160,38997,380.1079440654081,198.0,38997,False,0.6627536236406874,True,700
CJ1,Flatwing,0,0,39000,0.69,920,100,600,False,2630,10700,ok,,903.0,162,1930,38997,378.373028868253,197.0,38997,False,0.6597286373135771,True,700
CJ1,Flatwing,0,0,39000,0.69,1150,100,600,False,2400,10700,ok,,778.0,142,1700,38997,376.5420392661125,197.0,38997,False,0.6565361363079727,True,700
CJ1,Flatwing,0,0,39000,0.68,0,100,600,False,3440,10590,ok,,1352.0,233,2740,38996,384.797008793386,200.0,38996,False,0.6709294449790025,True,700
CJ1,Flatwing,0,0,39000,0.68,230,100,600,False,3320,10700,ok,,1282.0,222,2620,38997,383.3154905422835,199.0,38997,False,0.6683462798419987,True,700
CJ1,Flatwing,0,0,39000,0.68,460,100,600,False,3090,10700,ok,,1155.0,202,2390,38997,381.75346555850376,199.0,38997,False,0.6656227437139582,True,700
CJ1,Flatwing,0,0,39000,0.68,690,100,600,False,2860,10700,ok,,1029.0,182,2160,38997,380.1079440654081,198.0,38997,False,0.6627536236406874,True,700
CJ1,Flatwing,0,0,39000,0.68,920,100,600,False,2630,10700,ok,,903.0,162,1930,38997,378.373028868253,197.0,38997,False,0.6597286373135771,True,700
CJ1,Flatwing,0,0,39000,0.68,1150,100,600,False,2400,10700,ok,,778.0,142,1700,38997,376.5420392661125,197.0,38997,False,0.6565361363079727,True,700
CJ1,Flatwing,0,10,39000,0.7,0,100,600,False,3440,10590,ok,,1391.0,240,2740,38787,383.0846816168526,196.0,38787,False,0.6679438429708776,True,700
CJ1,Flatwing,0,10,39000,0.7,230,100,600,False,3320,10700,ok,,1309.0,227,2620,38570,382.0363555087663,197.0,38570,False,0.6661159887054278,True,700
CJ1,Flatwing,0,10,39000,0.7,460,100,600,False,3090,10700,ok,,1180.0,207,2390,38570,380.35474316230284,196.0,38570,False,0.6631839408659177,True,700
CJ1,Flatwing,0,10,39000,0.7,690,100,600,False,2860,10700,ok,,1051.0,186,2160,38570,378.5720380809108,196.0,38570,False,0.6600756284219874,True,700
CJ1,Flatwing,0,10,39000,0.7,920,100,600,False,2630,10700,ok,,922.0,166,1930,38570,376.6954742501813,195.0,38570,False,0.6568036645016675,True,700
CJ1,Flatwing,0,10,39000,0.7,1150,100,600,False,2400,10700,ok,,795.0,145,1700,38570,374.70983015961696,194.0,38570,False,0.6533415089828768,True,700
CJ1,Flatwing,0,10,39000,0.69,0,100,600,False,3440,10590,ok,,1391.0,240,2740,38787,383.0846816168526,196.0,38787,False,0.6679438429708776,True,700
CJ1,Flatwing,0,10,39000,0.69,230,100,600,False,3320,10700,ok,,1309.0,227,2620,38570,382.0363555087663,197.0,38570,False,0.6661159887054278,True,700
CJ1,Flatwing,0,10,39000,0.69,460,100,600,False,3090,10700,ok,,1180.0,207,2390,38570,380.35474316230284,196.0,38570,False,0.6631839408659177,True,700
CJ1,Flatwing,0,10,39000,0.69,690,100,600,False,2860,10700,ok,,1051.0,186,2160,38570,378.5720380809108,196.0,38570,False,0.6600756284219874,True,700
CJ1,Flatwing,0,10,39000,0.69,920,100,600,False,2630,10700,ok,,922.0,166,1930,38570,376.6954742501813,195.0,38570,False,0.6568036645016675,True,700
CJ1,Flatwing,0,10,39000,0.69,1150,100,600,False,2400,10700,ok,,795.0,145,1700,38570,374.70983015961696,194.0,38570,False,0.6533415089828768,True,700
CJ1,Flatwing,0,10,39000,0.68,0,100,600,False,3440,10590,ok,,1391.0,240,2740,38787,383.0846816168526,196.0,38787,False,0.6679438429708776,True,700
CJ1,Flatwing,0,10,39000,0.68,230,100,600,False,3320,10700,ok,,1309.0,227,2620,38570,382.0363555087663,197.0,38570,False,0.6661159887054278,True,700
CJ1,Flatwing,0,10,39000,0.68,460,100,600,False,3090,10700,ok,,1180.0,207,2390,38570,380.35474316230284,196.0,38570,False,0.6631839408659177,True,700
CJ1,Flatwing,0,10,39000,0.68,690,100,600,False,2860,10700,ok,,1051.0,186,2160,38570,378.5720380809108,196.0,38570,False,0.6600756284219874,True,700
CJ1,Flatwing,0,10,39000,0.68,920,100,600,False,2630,10700,ok,,922.0,166,1930,38570,376.6954742501813,195.0,38570,False,0.6568036645016675,True,700
CJ1,Flatwing,0,10,39000,0.68,1150,100,600,False,2400,10700,ok,,795.0,145,1700,38570,374.70983015961696,194.0,38570,False,0.6533415089828768,True,700
CJ1,Flatwing,0,20,39000,0.7,0,100,600,False,3440,10590,ok,,1395.0,241,2740,37807,383.1506236628009,196.0,37807,True,0.6680588190732845,True,700
CJ1,Flatwing,0,20,39000,0.7,230,100,600,False,3320,10700,ok,,1313.0,228,2620,37593,382.0955451623655,197.0,37593,True,0.6662191913825024,True,700
CJ1,Flatwing,0,20,39000,0.7,460,100,600,False,3090,10700,ok,,1184.0,207,2390,37593,380.42438365427944,196.0,37593,True,0.6633053655536418,True,700
CJ1,Flatwing,0,20,39000,0.7,690,100,600,False,2860,10700,ok,,1055.0,187,2160,37593,378.6531906041344,196.0,37593,True,0.6602171254090243,True,700
CJ1,Flatwing,0,20,39000,0.7,920,100,600,False,2630,10700,ok,,927.0,166,1930,37593,376.78147093766535,195.0,37593,True,0.6569536077405316,True,700
CJ1,Flatwing,0,20,39000,0.7,1150,100,600,False,2400,10700,ok,,799.0,146,1700,37593,374.8010770847786,194.0,37593,True,0.653500606500414,True,700
CJ1,Flatwing,0,20,39000,0.69,0,100,600,False,3440,10590,ok,,1395.0,241,2740,37807,383.1506236628009,196.0,37807,True,0.6680588190732845,True,700
CJ1,Flatwing,0,20,39000,0.69,230,100,600,False,3320,10700,ok,,1313.0,228,2620,37593,382.0955451623655,197.0,37593,True,0.6662191913825024,True,700
CJ1,Flatwing,0,20,39000,0.69,460,100,600,False,3090,10700,ok,,1184.0,207,2390,37593,380.42438365427944,196.0,37593,True,0.6633053655536418,True,700
CJ1,Flatwing,0,20,39000,0.69,690,100,600,False,2860,10700,ok,,1055.0,187,2160,37593,378.6531906041344,196.0,37593,True,0.6602171254090243,True,700
CJ1,Flatwing,0,20,39000,0.69,920,100,600,False,2630,10700,ok,,927.0,166,1930,37593,376.78147093766535,195.0,37593,True,0.6569536077405316,True,700
CJ1,Flatwing,0,20,39000,0.69,1150,100,600,False,2400,10700,ok,,799.0,146,1700,37593,374.8010770847786,194.0,37593,True,0.653500606500414,True,700
CJ1,Flatwing,0,20,39000,0.68,0,100,600,False,3440,10590,ok,,1395.0,241,2740,37807,383.1506236628009,196.0,37807,True,0.6680588190732845,True,700
CJ1,Flatwing,0,20,39000,0.68,230,100,600,False,3320,10700,ok,,1313.0,228,2620,37593,382.0955451623655,197.0,37593,True,0.6662191913825024,True,700
CJ1,Flatwing,0,20,39000,0.68,460,100,600,False,3090,10700,ok,,1184.0,207,2390,37593,380.42438365427944,196.0,37593,True,0.6633053655536418,True,700
CJ1,Flatwing,0,20,39000,0.68,690,100,600,False,2860,10700,ok,,1055.0,187,2160,37593,378.6531906041344,196.0,37593,True,0.6602171254090243,True,700
CJ1,Flatwing,0,20,39000,0.68,920,100,600,False,2630,10700,ok,,927.0,166,1930,37593,376.78147093766535,195.0,37593,True,0.6569536077405316,True,700
CJ1,Flatwing,0,20,39000,0.68,1150,100,600,False,2400,10700,ok,,799.0,146,1700,37593,374.8010770847786,194.0,37593,True,0.653500606500414,True,700
CJ1,Tamarack,0,-10,41000,0.7,0,100,600,False,3440,10668,ok,,1424.0,243,2740,40995,387.2593841198456,199.0,40995,False,0.6752228258352935,True,700
CJ1,Tamarack,0,-10,41000,0.7,294,100,600,False,3177,10700,ok,,1269.0,219,2477,41000,385.8525810268854,199.0,41000,False,0.6727699335393938,True,700
CJ1,Tamarack,0,-10,41000,0.7,589,100,600,False,2882,10700,ok,,1097.0,192,2182,41000,384.35546814979574,198.0,41000,False,0.6701595777186811,True,700
CJ1,Tamarack,0,-10,41000,0.7,883,100,600,False,2588,10700,ok,,927.0,165,1888,41000,382.7745507935914,198.0,41000,False,0.6674031009786933,True,700
CJ1,Tamarack,0,-10,41000,0.7,1177,100,600,False,2294,10700,ok,,758.0,138,1594,41000,381.09913509959625,196.0,41000,False,0.6644818575802425,True,700
CJ1,Tamarack,0,-10,41000,0.7,1471,100,600,False,2000,10700,ok,,589.0,112,1300,41000,379.32214308718335,195.0,41000,False,0.6613835064044918,True,700
CJ1,Tamarack,0,-10,41000,0.69,0,100,600,False,3440,10668,ok,,1424.0,243,2740,40995,387.2593841198456,199.0,40995,False,0.6752228258352935,True,700
CJ1,Tamarack,0,-10,41000,0.69,294,100,600,False,3177,10700,ok,,1269.0,219,2477,41000,385.8525810268854,199.0,41000,False,0.6727699335393938,True,700
CJ1,Tamarack,0,-10,41000,0.69,589,100,600,False,2882,10700,ok,,1097.0,192,2182,41000,384.35546814979574,198.0,41000,False,0.6701595777186811,True,700
CJ1,Tamarack,0,-10,41000,0.69,883,100,600,False,2588,10700,ok,,927.0,165,1888,41000,382.7745507935914,198.0,41000,False,0.6674031009786933,True,700
CJ1,Tamarack,0,-10,41000,0.69,1177,100,600,False,2294,10700,ok,,758.0,138,1594,41000,381.09913509959625,196.0,41000,False,0.6644818575802425,True,700
CJ1,Tamarack,0,-10,41000,0.69,1471,100,600,False,2000,10700,ok,,589.0,112,1300,41000,379.32214308718335,195.0,41000,False,0.6613835064044918,True,700
CJ1,Tamarack,0,-10,41000,0.68,0,100,600,False,3440,10668,ok,,1424.0,243,2740,40995,387.2593841198456,199.0,40995,False,0.6752228258352935,True,700
CJ1,Tamarack,0,-10,41000,0.68,294,100,600,False,3177,10700,ok,,1269.0,219,2477,41000,385.8525810268854,199.0,41000,False,0.6727699335393938,True,700
CJ1,Tamarack,0,-10,41000,0.68,589,100,600,False,2882,10700,ok,,1097.0,192,2182,41000,384.35546814979574,198.0,41000,False,0.6701595777186811,True,700
CJ1,Tamarack,0,-10,41000,0.68,883,100,600,False,2588,10700,ok,,927.0,165,1888,41000,382.7745507935914,198.0,41000,False,0.6674031009786933,True,700
CJ1,Tamarack,0,-10,41000,0.68,1177,100,600,False,2294,10700,ok,,758.0,138,1594,41000,381.09913509959625,196.0,41000,False,0.6644818575802425,True,700
CJ1,Tamarack,0,-10,41000,0.68,1471,100,600,False,2000,10700,ok,,589.0,112,1300,41000,379.32214308718335,195.0,41000,False,0.6613835064044918,True,700
CJ1,Tamarack,0,0,41000,0.7,0,100,600,False,3440,10668,ok,,1480.0,253,2740,40998,385.13899165469013,194.0,40998,False,0.6715257239678819,True,700
CJ1,Tamarack,0,0,41000,0.7,294,100,600,False,3177,10700,ok,,1319.0,228,2477,40996,383.5391767011467,193.0,40996,False,0.6687362975058214,True,700
CJ1,Tamarack,0,0,41000,0.7,589,100,600,False,2882,10700,ok,,1141.0,200,2182,40996,381.8394705227751,193.0,40996,False,0.6657727013841723,True,700
CJ1,Tamarack,0,0,41000,0.7,883,100,600,False,2588,10700,ok,,963.0,172,1888,40996,380.0323753482559,190.0,40996,False,0.6626218625399042,True,700
CJ1,Tamarack,0,0,41000,0.7,1177,100,600,False,2294,10700,ok,,786.0,144,1594,40996,378.1091730682335,189.0,40996,False,0.659268580136894,True,700
CJ1,Tamarack,0,0,41000,0.7,1471,100,600,False,2000,10700,ok,,611.0,116,1300,40996,376.05974505289197,189.0,40996,False,0.6556952114010788,True,700
CJ1,Tamarack,0,0,41000,0.69,0,100,600,False,3440,10668,ok,,1480.0,253,2740,40998,385.13899165469013,194.0,40998,False,0.6715257239678819,True,700
CJ1,Tamarack,0,0,41000,0.69,294,100,600,False,3177,10700,ok,,1319.0,228,2477,40996,383.5391767011467,193.0,40996,False,0.6687362975058214,True,700
CJ1,Tamarack,0,0,41000,0.69,589,100,600,False,2882,10700,ok,,1141.0,200,2182,40996,381.8394705227751,193.0,40996,False,0.6657727013841723,True,700
CJ1,Tamarack,0,0,41000,0.69,883,100,600,False,2588,10700,ok,,963.0,172,1888,40996,380.0323753482559,190.0,40996,False,0.6626218625399042,True,700
CJ1,Tamarack,0,0,41000,0.69,1177,100,600,False,2294,10700,ok,,786.0,144,1594,40996,378.1091730682335,189.0,40996,False,0.659268580136894,True,700
CJ1,Tamarack,0,0,41000,0.69,1471,100,600,False,2000,10700,ok,,611.0,116,1300,40996,376.05974505289197,189.0,40996,False,0.6556952114010788,True,700
CJ1,Tamarack,0,0,41000,0.68,0,100,600,False,3440,10668,ok,,1480.0,253,2740,40998,385.13899165469013,194.0,40998,False,0.6715257239678819,True,700
CJ1,Tamarack,0,0,41000,0.68,294,100,600,False,3177,10700,ok,,1319.0,228,2477,40996,383.5391767011467,193.0,40996,False,0.6687362975058214,True,700
CJ1,Tamarack,0,0,41000,0.68,589,100,600,False,2882,10700,ok,,1141.0,200,2182,40996,381.8394705227751,193.0,40996,False,0.6657727013841723,True,700
CJ1,Tamarack,0,0,41000,0.68,883,100,600,False,2588,10700,ok,,963.0,172,1888,40996,380.0323753482559,190.0,40996,False,0.6626218625399042,True,700
CJ1,Tamarack,0,0,41000,0.68,1177,100,600,False,2294,10700,ok,,786.0,144,1594,40996,378.1091730682335,189.0,40996,False,0.659268580136894,True,700
CJ1,Tamarack,0,0,41000,0.68,1471,100,600,False,2000,10700,ok,,611.0,116,1300,40996,376.05974505289197,189.0,40996,False,0.6556952114010788,True,700
CJ1,Tamarack,0,10,41000,0.7,0,100,600,False,3440,10668,ok,,1538.0,265,2740,40996,382.272493991787,188.0,40996,False,0.6665277181568807,True,700
CJ1,Tamarack,0,10,41000,0.7,294,100,600,False,3177,10700,ok,,1370.0,238,2477,40995,380.44032864818354,188.0,40995,False,0.6633331671364655,True,700
CJ1,Tamarack,0,10,41000,0.7,589,100,600,False,2882,10700,ok,,1184.0,209,2182,40995,378.4830364987063,184.0,40995,False,0.659920445869145,True,700
CJ1,Tamarack,0,10,41000,0.7,883,100,600,False,2588,10700,ok,,999.0,179,1888,40995,376.3980327762806,183.0,40995,False,0.6562850475726438,True,700
CJ1,Tamarack,0,10,41000,0.7,1177,100,600,False,2294,10700,ok,,815.0,149,1594,40995,374.1673799741207,183.0,40995,False,0.6523956965322422,True,700
CJ1,Tamarack,0,10,41000,0.7,1471,100,600,False,2000,10700,ok,,632.0,120,1300,40995,371.7691997271022,182.0,40995,False,0.6482142457794489,True,700
CJ1,Tamarack,0,10,41000,0.69,0,100,600,False,3440,10668,ok,,1538.0,265,2740,40996,382.272493991787,188.0,40996,False,0.6665277181568807,True,700
CJ1,Tamarack,0,10,41000,0.69,294,100,600,False,3177,10700,ok,,1370.0,238,2477,40995,380.44032864818354,188.0,40995,False,0.6633331671364655,True,700
CJ1,Tamarack,0,10,41000,0.69,589,100,600,False,2882,10700,ok,,1184.0,209,2182,40995,378.4830364987063,184.0,40995,False,0.659920445869145,True,700
CJ1,Tamarack,0,10,41000,0.69,883,100,600,False,2588,10700,ok,,999.0,179,1888,40995,376.3980327762806,183.0,40995,False,0.6562850475726438,True,700
CJ1,Tamarack,0,10,41000,0.69,1177,100,600,False,2294,10700,ok,,815.0,149,1594,40995,374.1673799741207,183.0,40995,False,0.6523956965322422,True,700
CJ1,Tamarack,0,10,41000,0.69,1471,100,600,False,2000,10700,ok,,632.0,120,1300,40995,371.7691997271022,182.0,40995,False,0.6482142457794489,True,700
CJ1,Tamarack,0,10,41000,0.68,0,100,600,False,3440,10668,ok,,1538.0,265,2740,40996,382.272493991787,188.0,40996,False,0.6665277181568807,True,700
CJ1,Tamarack,0,10,41000,0.68,294,100,600,False,3177,10700,ok,,1370.0,238,2477,40995,380.44032864818354,188.0,40995,False,0.6633331671364655,True,700
CJ1,Tamarack,0,10,41000,0.68,589,100,600,False,2882,10700,ok,,1184.0,209,2182,40995,378.4830364987063,184.0,40995,False,0.659920445869145,True,700
CJ1,Tamarack,0,10,41000,0.68,883,100,600,False,2588,10700,ok,,999.0,179,1888,40995,376.3980327762806,183.0,40995,False,0.6562850475726438,True,700
CJ1,Tamarack,0,10,41000,0.68,1177,100,600,False,2294,10700,ok,,815.0,149,1594,40995,374.1673799741207,183.0,40995,False,0.6523956965322422,True,700
CJ1,Tamarack,0,10,41000,0.68,1471,100,600,False,2000,10700,ok,,632.0,120,1300,40995,371.7691997271022,182.0,40995,False,0.6482142457794489,True,700
CJ1,Tamarack,0,20,41000,0.7,0,100,600,False,3440,10668,ok,,1574.0,272,2740,40555,380.3568981216289,182.0,40555,False,0.6631876982383285,True,700
CJ1,Tamarack,0,20,41000,0.7,294,100,600,False,3177,10700,ok,,1399.0,244,2477,40498,378.61955286865174,182.0,40498,True,0.6601584748824298,True,700
CJ1,Tamarack,0,20,41000,0.7,589,100,600,False,2882,10700,ok,,1208.0,213,2182,40498,376.51174454944316,181.0,40498,True,0.6564833146462231,True,700
CJ1,Tamarack,0,20,41000,0.7,883,100,600,False,2588,10700,ok,,1020.0,183,1888,40498,374.26603704132424,180.0,40498,True,0.6525677143229981,True,700
CJ1,Tamarack,0,20,41000,0.7,1177,100,600,False,2294,10700,ok,,833.0,153,1594,40498,371.85599619063044,180.0,40498,True,0.6483655835023789,True,700
CJ1,Tamarack,0,20,41000,0.7,1471,100,600,False,2000,10700,ok,,646.0,122,1300,40498,369.2559878435906,179.0,40498,True,0.6438322266483582,True,700
CJ1,Tamarack,0,20,41000,0.69,0,100,600,False,3440,10668,ok,,1574.0,272,2740,40555,380.3568981216289,182.0,40555,False,0.6631876982383285,True,700
CJ1,Tamarack,0,20,41000,0.69,294,100,600,False,3177,10700,ok,,1399.0,244,2477,40498,378.61955286865174,182.0,40498,True,0.6601584748824298,True,700
CJ1,Tamarack,0,20,41000,0.69,589,100,600,False,2882,10700,ok,,1208.0,213,2182,40498,376.51174454944316,181.0,40498,True,0.6564833146462231,True,700
CJ1,Tamarack,0,20,41000,0.69,883,100,600,False,2588,10700,ok,,1020.0,183,1888,40498,374.26603704132424,180.0,40498,True,0.6525677143229981,True,700
CJ1,Tamarack,0,20,41000,0.69,1177,100,600,False,2294,10700,ok,,833.0,153,1594,40498,371.85599619063044,180.0,40498,True,0.6483655835023789,True,700
CJ1,Tamarack,0,20,41000,0.69,1471,100,600,False,2000,10700,ok,,646.0,122,1300,40498,369.2559878435906,179.0,40498,True,0.6438322266483582,True,700
CJ1,Tamarack,0,20,41000,0.68,0,100,600,False,3440,10668,ok,,1574.0,272,2740,40555,380.3568981216289,182.0,40555,False,0.6631876982383285,True,700
CJ1,Tamarack,0,20,41000,0.68,294,100,600,False,3177,10700,ok,,1399.0,244,2477,40498,378.61955286865174,182.0,40498,True,0.6601584748824298,True,700
CJ1,Tamarack,0,20,41000,0.68,589,100,600,False,2882,10700,ok,,1208.0,213,2182,40498,376.51174454944316,181.0,40498,True,0.6564833146462231,True,700
CJ1,Tamarack,0,20,41000,0.68,883,100,600,False,2588,10700,ok,,1020.0,183,1888,40498,374.26603704132424,180.0,40498,True,0.6525677143229981,True,700
CJ1,Tamarack,0,20,41000,0.68,1177,100,600,False,2294,10700,ok,,833.0,153,1594,40498,371.85599619063044,180.0,40498,True,0.6483655835023789,True,700
CJ1,Tamarack,0,20,41000,0.68,1471,100,600,False,2000,10700,ok,,646.0,122,1300,40498,369.2559878435906,179.0,40498,True,0.6438322266483582,True,700
CJ1,Tamarack,0,-10,39000,0.7,0,100,600,False,3440,10668,ok,,1323.0,225,2740,39000,389.70442579162267,210.0,39000,False,0.6794859838492809,True,700
CJ1,Tamarack,0,-10,39000,0.7,294,100,600,False,3177,10700,ok,,1181.0,203,2477,39000,388.5974467556067,210.0,39000,False,0.67755586273798,True,700
CJ1,Tamarack,0,-10,39000,0.7,589,100,600,False,2882,10700,ok,,1024.0,178,2182,39000,387.42691066110535,209.0,39000,False,0.6755149239721764,True,700
CJ1,Tamarack,0,-10,39000,0.7,883,100,600,False,2588,10700,ok,,867.0,154,1888,39000,386.1982996895246,209.0,39000,False,0.673372726246049,True,700
CJ1,Tamarack,0,-10,39000,0.7,1177,100,600,False,2294,10700,ok,,712.0,130,1594,39000,384.8999123623674,208.0,39000,False,0.6711088669413497,True,700
CJ1,Tamarack,0,-10,39000,0.7,1471,100,600,False,2000,10700,ok,,556.0,105,1300,39000,383.5368965559454,208.0,39000,False,0.6687323218601708,True,700
CJ1,Tamarack,0,-10,39000,0.69,0,100,600,False,3440,10668,ok,,1323.0,225,2740,39000,389.70442579162267,210.0,39000,False,0.6794859838492809,True,700
CJ1,Tamarack,0,-10,39000,0.69,294,100,600,False,3177,10700,ok,,1181.0,203,2477,39000,388.5974467556067,210.0,39000,False,0.67755586273798,True,700
CJ1,Tamarack,0,-10,39000,0.69,589,100,600,False,2882,10700,ok,,1024.0,178,2182,39000,387.42691066110535,209.0,39000,False,0.6755149239721764,True,700
CJ1,Tamarack,0,-10,39000,0.69,883,100,600,False,2588,10700,ok,,867.0,154,1888,39000,386.1982996895246,209.0,39000,False,0.673372726246049,True,700
CJ1,Tamarack,0,-10,39000,0.69,1177,100,600,False,2294,10700,ok,,712.0,130,1594,39000,384.8999123623674,208.0,39000,False,0.6711088669413497,True,700
CJ1,Tamarack,0,-10,39000,0.69,1471,100,600,False,2000,10700,ok,,556.0,105,1300,39000,383.5368965559454,208.0,39000,False,0.6687323218601708,True,700
CJ1,Tamarack,0,-10,39000,0.68,0,100,600,False,3440,10668,ok,,1323.0,225,2740,39000,389.70442579162267,210.0,39000,False,0.6794859838492809,False,700
CJ1,Tamarack,0,-10,39000,0.68,294,100,600,False,3177,10700,ok,,1181.0,203,2477,39000,388.5974467556067,210.0,39000,False,0.67755586273798,True,700
CJ1,Tamarack,0,-10,39000,0.68,589,100,600,False,2882,10700,ok,,1024.0,178,2182,39000,387.42691066110535,209.0,39000,False,0.6755149239721764,True,700
CJ1,Tamarack,0,-10,39000,0.68,883,100,600,False,2588,10700,ok,,867.0,154,1888,39000,386.1982996895246,209.0,39000,False,0.673372726246049,True,700
CJ1,Tamarack,0,-10,39000,0.68,1177,100,600,False,2294,10700,ok,,712.0,130,1594,39000,384.8999123623674,208.0,39000,False,0.6711088669413497,True,700
CJ1,Tamarack,0,-10,39000,0.68,1471,100,600,False,2000,10700,ok,,556.0,105,1300,39000,383.5368965559454,208.0,39000,False,0.6687323218601708,True,700
CJ1,Tamarack,0,0,39000,0.7,0,100,600,False,3440,10668,ok,,1376.0,234,2740,39000,388.8527872661098,205.0,39000,False,0.678001072713831,True,700
CJ1,Tamarack,0,0,39000,0.7,294,100,600,False,3177,10700,ok,,1228.0,211,2477,39000,387.61129620560615,205.0,39000,False,0.6758364173523406,True,700
CJ1,Tamarack,0,0,39000,0.7,589,100,600,False,2882,10700,ok,,1064.0,185,2182,39000,386.30064752000055,204.0,39000,False,0.6735511792265214,True,700
CJ1,Tamarack,0,0,39000,0.7,883,100,600,False,2588,10700,ok,,901.0,160,1888,39000,384.9214521778404,204.0,39000,False,0.6711464236169736,True,700
CJ1,Tamarack,0,0,39000,0.7,1177,100,600,False,2294,10700,ok,,739.0,134,1594,39000,383.46027962939,203.0,39000,False,0.668598733108608,True,700
CJ1,Tamarack,0,0,39000,0.7,1471,100,600,False,2000,10700,ok,,577.0,109,1300,39000,381.92168851193355,201.0,39000,False,0.6659160561103599,True,700
CJ1,Tamarack,0,0,39000,0.69,0,100,600,False,3440,10668,ok,,1376.0,234,2740,39000,388.8527872661098,205.0,39000,False,0.678001072713831,True,700
CJ1,Tamarack,0,0,39000,0.69,294,100,600,False,3177,10700,ok,,1228.0,211,2477,39000,387.61129620560615,205.0,39000,False,0.6758364173523406,True,700
CJ1,Tamarack,0,0,39000,0.69,589,100,600,False,2882,10700,ok,,1064.0,185,2182,39000,386.30064752000055,204.0,39000,False,0.6735511792265214,True,700
CJ1,Tamarack,0,0,39000,0.69,883,100,600,False,2588,10700,ok,,901.0,160,1888,39000,384.9214521778404,204.0,39000,False,0.6711464236169736,True,700
CJ1,Tamarack,0,0,39000,0.69,1177,100,600,False,2294,10700,ok,,739.0,134,1594,39000,383.46027962939,203.0,39000,False,0.668598733108608,True,700
CJ1,Tamarack,0,0,39000,0.69,1471,100,600,False,2000,10700,ok,,577.0,109,1300,39000,381.92168851193355,201.0,39000,False,0.6659160561103599,True,700
CJ1,Tamarack,0,0,39000,0.68,0,100,600,False,3440,10668,ok,,1376.0,234,2740,39000,388.8527872661098,205.0,39000,False,0.678001072713831,True,700
CJ1,Tamarack,0,0,39000,0.68,294,100,600,False,3177,10700,ok,,1228.0,211,2477,39000,387.61129620560615,205.0,39000,False,0.6758364173523406,True,700
CJ1,Tamarack,0,0,39000,0.68,589,100,600,False,2882,10700,ok,,1064.0,185,2182,39000,386.30064752000055,204.0,39000,False,0.6735511792265214,True,700
CJ1,Tamarack,0,0,39000,0.68,883,100,600,False,2588,10700,ok,,901.0,160,1888,39000,384.9214521778404,204.0,39000,False,0.6711464236169736,True,700
CJ1,Tamarack,0,0,39000,0.68,1177,100,600,False,2294,10700,ok,,739.0,134,1594,39000,383.46027962939,203.0,39000,False,0.668598733108608,True,700
CJ1,Tamarack,0,0,39000,0.68,1471,100,600,False,2000,10700,ok,,577.0,109,1300,39000,381.92168851193355,201.0,39000,False,0.6659160561103599,True,700
CJ1,Tamarack,0,10,39000,0.7,0,100,600,False,3440,10668,ok,,1430.0,243,2740,38999,387.42999791166244,200.0,38999,False,0.6755203068812309,True,700
CJ1,Tamarack,0,10,39000,0.7,294,100,600,False,3177,10700,ok,,1277.0,219,2477,39000,386.0380005288211,199.0,39000,False,0.6730932297207027,True,700
CJ1,Tamarack,0,10,39000,0.7,589,100,600,False,2882,10700,ok,,1106.0,193,2182,39000,384.55661163923753,199.0,39000,False,0.6705102901375626,True,700
CJ1,Tamarack,0,10,39000,0.7,883,100,600,False,2588,10700,ok,,936.0,166,1888,39000,382.99770055896585,198.0,39000,False,0.6677921833904805,True,700
CJ1,Tamarack,0,10,39000,0.7,1177,100,600,False,2294,10700,ok,,767.0,139,1594,39000,381.3410440523339,196.0,39000,False,0.6649036483834109,True,700
CJ1,Tamarack,0,10,39000,0.7,1471,100,600,False,2000,10700,ok,,599.0,112,1300,39000,379.584495239429,195.0,39000,False,0.6618409418311527,True,700
CJ1,Tamarack,0,10,39000,0.69,0,100,600,False,3440,10668,ok,,1430.0,243,2740,38999,387.42999791166244,200.0,38999,False,0.6755203068812309,True,700
CJ1,Tamarack,0,10,39000,0.69,294,100,600,False,3177,10700,ok,,1277.0,219,2477,39000,386.0380005288211,199.0,39000,False,0.6730932297207027,True,700
CJ1,Tamarack,0,10,39000,0.69,589,100,600,False,2882,10700,ok,,1106.0,193,2182,39000,384.55661163923753,199.0,39000,False,0.6705102901375626,True,700
CJ1,Tamarack,0,10,39000,0.69,883,100,600,False,2588,10700,ok,,936.0,166,1888,39000,382.99770055896585,198.0,39000,False,0.6677921833904805,True,700
CJ1,Tamarack,0,10,39000,0.69,1177,100,600,False,2294,10700,ok,,767.0,139,1594,39000,381.3410440523339,196.0,39000,False,0.6649036483834109,True,700
CJ1,Tamarack,0,10,39000,0.69,1471,100,600,False,2000,10700,ok,,599.0,112,1300,39000,379.584495239429,195.0,39000,False,0.6618409418311527,True,700
CJ1,Tamarack,0,10,39000,0.68,0,100,600,False,3440,10668,ok,,1430.0,243,2740,38999,387.42999791166244,200.0,38999,False,0.6755203068812309,True,700
CJ1,Tamarack,0,10,39000,0.68,294,100,600,False,3177,10700,ok,,1277.0,219,2477,39000,386.0380005288211,199.0,39000,False,0.6730932297207027,True,700
CJ1,Tamarack,0,10,39000,0.68,589,100,600,False,2882,10700,ok,,1106.0,193,2182,39000,384.55661163923753,199.0,39000,False,0.6705102901375626,True,700
CJ1,Tamarack,0,10,39000,0.68,883,100,600,False,2588,10700,ok,,936.0,166,1888,39000,382.99770055896585,198.0,39000,False,0.6677921833904805,True,700
CJ1,Tamarack,0,10,39000,0.68,1177,100,600,False,2294,10700,ok,,767.0,139,1594,39000,381.3410440523339,196.0,39000,False,0.6649036483834109,True,700
CJ1,Tamarack,0,10,39000,0.68,1471,100,600,False,2000,10700,ok,,599.0,112,1300,39000,379.584495239429,195.0,39000,False,0.6618409418311527,True,700
CJ1,Tamarack,0,20,39000,0.7,0,100,600,False,3440,10668,ok,,1488.0,254,2740,39000,385.36929969080154,194.0,39000,False,0.6719272874917954,True,700
CJ1,Tamarack,0,20,39000,0.7,294,100,600,False,3177,10700,ok,,1327.0,229,2477,39000,383.79165549237547,194.0,39000,False,0.6691765178074274,True,700
CJ1,Tamarack,0,20,39000,0.7,589,100,600,False,2882,10700,ok,,1149.0,201,2182,39000,382.1108918823914,193.0,39000,False,0.6662459498190649,True,700
CJ1,Tamarack,0,20,39000,0.7,883,100,600,False,2588,10700,ok,,972.0,172,1888,39000,380.3244614957531,190.0,39000,False,0.6631311419582677,True,700
CJ1,Tamarack,0,20,39000,0.7,1177,100,600,False,2294,10700,ok,,796.0,144,1594,39000,378.4297121645912,190.0,39000,False,0.6598274699231939,True,700
CJ1,Tamarack,0,20,39000,0.7,1471,100,600,False,2000,10700,ok,,621.0,116,1300,39000,376.405574156736,189.0,39000,False,0.656298196672267,True,700
CJ1,Tamarack,0,20,39000,0.69,0,100,600,False,3440,10668,ok,,1488.0,254,2740,39000,385.36929969080154,194.0,39000,False,0.6719272874917954,True,700
CJ1,Tamarack,0,20,39000,0.69,294,100,600,False,3177,10700,ok,,1327.0,229,2477,39000,383.79165549237547,194.0,39000,False,0.6691765178074274,True,700
CJ1,Tamarack,0,20,39000,0.69,589,100,600,False,2882,10700,ok,,1149.0,201,2182,39000,382.1108918823914,193.0,39000,False,0.6662459498190649,True,700
CJ1,Tamarack,0,20,39000,0.69,883,100,600,False,2588,10700,ok,,972.0,172,1888,39000,380.3244614957531,190.0,39000,False,0.6631311419582677,True,700
CJ1,Tamarack,0,20,39000,0.69,1177,100,600,False,2294,10700,ok,,796.0,144,1594,39000,378.4297121645912,190.0,39000,False,0.6598274699231939,True,700
CJ1,Tamarack,0,20,39000,0.69,1471,100,600,False,2000,10700,ok,,621.0,116,1300,39000,376.405574156736,189.0,39000,False,0.656298196672267,True,700
CJ1,Tamarack,0,20,39000,0.68,0,100,600,False,3440,10668,ok,,1488.0,254,2740,39000,385.36929969080154,194.0,39000,False,0.6719272874917954,True,700
CJ1,Tamarack,0,20,39000,0.68,294,100,600,False,3177,10700,ok,,1327.0,229,2477,39000,383.79165549237547,194.0,39000,False,0.6691765178074274,True,700
CJ1,Tamarack,0,20,39000,0.68,589,100,600,False,2882,10700,ok,,1149.0,201,2182,39000,382.1108918823914,193.0,39000,False,0.6662459498190649,True,700
CJ1,Tamarack,0,20,39000,0.68,883,100,600,False,2588,10700,ok,,972.0,172,1888,39000,380.3244614957531,190.0,39000,False,0.6631311419582677,True,700
CJ1,Tamarack,0,20,39000,0.68,1177,100,600,False,2294,10700,ok,,796.0,144,1594,39000,378.4297121645912,190.0,39000,False,0.6598274699231939,True,700
CJ1,Tamarack,0,20,39000,0.68,1471,100,600,False,2000,10700,ok,,621.0,116,1300,39000,376.405574156736,189.0,39000,False,0.656298196672267,True,700
