aircraft,mod,flap,isa_dev,cruise_alt,mach,payload,total_dist_nm,total_time_min,fuel_burned_lb,first_level_off_ft,cruise_vktas_kts,cruise_vkias_kts
CJ,Flatwing,0,-10,41000,0.7,0,1433.3780767672442,244,2740,40995,388.2578941647539,200.22082980100086
CJ,Flatwing,0,0,41000,0.7,0,1487.4373352350713,254,2740,40996,385.943732724165,194.77699888082807
CJ,Flatwing,0,10,41000,0.7,0,1522.033766548511,261,2740,40586,384.26037911011656,187.80216873517992
CJ,Flatwing,0,20,41000,0.7,0,1526.5337425535024,261,2740,39610,384.32871480070116,187.89545713592662
CJ,Flatwing,0,-10,41000,0.7,296,1421.1622336457472,243,2740,41000,386.4674794174891,199.6883987067004
CJ,Flatwing,0,0,41000,0.7,296,1473.126454066615,254,2740,40982,383.9320790108191,190.33004740997217
CJ,Flatwing,0,10,41000,0.7,296,1477.2208688301578,254,2740,40006,384.00155394430755,190.4254444523038
CJ,Flatwing,0,20,41000,0.7,296,1482.035403108217,254,2740,39037,384.04774662148566,190.47350006437924
CJ,Flatwing,0,-10,41000,0.7,591,1408.472424654034,243,2740,40995,384.55726436583757,199.1397058077543
CJ,Flatwing,0,0,41000,0.7,591,1431.0371564729687,247,2740,40408,383.55439988210463,192.96166353115967
CJ,Flatwing,0,10,41000,0.7,591,1435.5686970470456,247,2740,39432,383.6221045166785,193.05706678598722
CJ,Flatwing,0,20,41000,0.7,591,1440.0693018388672,248,2740,38460,383.6783061517069,193.1280060952745
CJ,Flatwing,0,-10,41000,0.7,887,1311.2769124447484,228,2583,40996,382.50283785521015,193.57302159477535
CJ,Flatwing,0,0,41000,0.7,887,1320.4470183004976,230,2583,40134,382.22401763591273,193.84105278982403
CJ,Flatwing,0,10,41000,0.7,887,1325.4282536799926,230,2583,39163,382.2816932858623,193.90960705339046
CJ,Flatwing,0,20,41000,0.7,887,1329.3900290824927,230,2583,38184,382.3547390522989,194.0154998881819
CJ,Flatwing,0,-10,41000,0.7,1183,1140.3616366589602,201,2287,40996,380.2993140939585,192.8004537767303
CJ,Flatwing,0,0,41000,0.7,1183,1149.054594410472,202,2287,40134,379.98602085048736,193.0941140719864
CJ,Flatwing,0,10,41000,0.7,1183,1154.0194564916342,203,2287,39163,380.0479251796096,193.16338248027154
CJ,Flatwing,0,20,41000,0.7,1183,1158.4185965276017,203,2287,38184,380.1263153581172,193.2700969350028
CJ,Flatwing,0,-10,41000,0.7,1479,970.8053715154061,174,1991,40996,377.9248750864837,191.9952714911946
CJ,Flatwing,0,0,41000,0.7,1479,978.6885959951982,175,1991,40134,377.5805073534309,192.31845208727913
CJ,Flatwing,0,10,41000,0.7,1479,983.6366067098592,176,1991,39163,377.6470679144242,192.38847860838783
CJ,Flatwing,0,20,41000,0.7,1479,988.0841559770818,176,1991,38184,377.7389598582578,192.49848646385436
CJ,Flatwing,0,-10,41000,0.7,1774,802.9399632862035,147,1696,40996,375.38533186480157,191.16322855535535
CJ,Flatwing,0,0,41000,0.7,1774,809.9487729117454,148,1696,40134,374.9980778927074,191.51490687534277
CJ,Flatwing,0,10,41000,0.7,1774,814.8774879020112,149,1696,39163,375.06978753917247,191.58573798139088
CJ,Flatwing,0,20,41000,0.7,1774,819.7416172368517,149,1696,38184,375.16877689756956,191.69676996573264
CJ,Flatwing,0,-10,41000,0.7,2070,635.1947862365593,120,1400,40996,372.6289349065429,190.29197184177448
CJ,Flatwing,0,0,41000,0.7,2070,641.440215231835,121,1400,40134,372.20175686876325,190.67668424233534
CJ,Flatwing,0,10,41000,0.7,2070,646.7816115795001,121,1400,39163,372.2792436158377,190.74837617280488
CJ,Flatwing,0,20,41000,0.7,2070,651.6093528219503,122,1400,38184,372.38619391082426,190.8605057852536
CJ,Flatwing,0,-10,41000,0.69,0,1433.3780767672442,244,2740,40995,388.2578941647539,200.22082980100086
CJ,Flatwing,0,0,41000,0.69,0,1487.4373352350713,254,2740,40996,385.943732724165,194.77699888082807
CJ,Flatwing,0,10,41000,0.69,0,1522.033766548511,261,2740,40586,384.26037911011656,187.80216873517992
CJ,Flatwing,0,20,41000,0.69,0,1526.5337425535024,261,2740,39610,384.32871480070116,187.89545713592662
CJ,Flatwing,0,-10,41000,0.69,296,1421.1622336457472,243,2740,41000,386.4674794174891,199.6883987067004
CJ,Flatwing,0,0,41000,0.69,296,1473.126454066615,254,2740,40982,383.9320790108191,190.33004740997217
CJ,Flatwing,0,10,41000,0.69,296,1477.2208688301578,254,2740,40006,384.00155394430755,190.4254444523038
CJ,Flatwing,0,20,41000,0.69,296,1482.035403108217,254,2740,39037,384.04774662148566,190.47350006437924
CJ,Flatwing,0,-10,41000,0.69,591,1408.472424654034,243,2740,40995,384.55726436583757,199.1397058077543
CJ,Flatwing,0,0,41000,0.69,591,1431.0371564729687,247,2740,40408,383.55439988210463,192.96166353115967
CJ,Flatwing,0,10,41000,0.69,591,1435.5686970470456,247,2740,39432,383.6221045166785,193.05706678598722
CJ,Flatwing,0,20,41000,0.69,591,1440.0693018388672,248,2740,38460,383.6783061517069,193.1280060952745
CJ,Flatwing,0,-10,41000,0.69,887,1311.2769124447484,228,2583,40996,382.50283785521015,193.57302159477535
CJ,Flatwing,0,0,41000,0.69,887,1320.4470183004976,230,2583,40134,382.22401763591273,193.84105278982403
CJ,Flatwing,0,10,41000,0.69,887,1325.4282536799926,230,2583,39163,382.2816932858623,193.90960705339046
CJ,Flatwing,0,20,41000,0.69,887,1329.3900290824927,230,2583,38184,382.3547390522989,194.0154998881819
CJ,Flatwing,0,-10,41000,0.69,1183,1140.3616366589602,201,2287,40996,380.2993140939585,192.8004537767303
CJ,Flatwing,0,0,41000,0.69,1183,1149.054594410472,202,2287,40134,379.98602085048736,193.0941140719864
CJ,Flatwing,0,10,41000,0.69,1183,1154.0194564916342,203,2287,39163,380.0479251796096,193.16338248027154
CJ,Flatwing,0,20,41000,0.69,1183,1158.4185965276017,203,2287,38184,380.1263153581172,193.2700969350028
CJ,Flatwing,0,-10,41000,0.69,1479,970.8053715154061,174,1991,40996,377.9248750864837,191.9952714911946
CJ,Flatwing,0,0,41000,0.69,1479,978.6885959951982,175,1991,40134,377.5805073534309,192.31845208727913
CJ,Flatwing,0,10,41000,0.69,1479,983.6366067098592,176,1991,39163,377.6470679144242,192.38847860838783
CJ,Flatwing,0,20,41000,0.69,1479,988.0841559770818,176,1991,38184,377.7389598582578,192.49848646385436
CJ,Flatwing,0,-10,41000,0.69,1774,802.9399632862035,147,1696,40996,375.38533186480157,191.16322855535535
CJ,Flatwing,0,0,41000,0.69,1774,809.9487729117454,148,1696,40134,374.9980778927074,191.51490687534277
CJ,Flatwing,0,10,41000,0.69,1774,814.8774879020112,149,1696,39163,375.06978753917247,191.58573798139088
CJ,Flatwing,0,20,41000,0.69,1774,819.7416172368517,149,1696,38184,375.16877689756956,191.69676996573264
CJ,Flatwing,0,-10,41000,0.69,2070,635.1947862365593,120,1400,40996,372.6289349065429,190.29197184177448
CJ,Flatwing,0,0,41000,0.69,2070,641.440215231835,121,1400,40134,372.20175686876325,190.67668424233534
CJ,Flatwing,0,10,41000,0.69,2070,646.7816115795001,121,1400,39163,372.2792436158377,190.74837617280488
CJ,Flatwing,0,20,41000,0.69,2070,651.6093528219503,122,1400,38184,372.38619391082426,190.8605057852536
CJ,Flatwing,0,-10,41000,0.68,0,1433.3780767672442,244,2740,40995,388.2578941647539,200.22082980100086
CJ,Flatwing,0,0,41000,0.68,0,1487.4373352350713,254,2740,40996,385.943732724165,194.77699888082807
CJ,Flatwing,0,10,41000,0.68,0,1522.033766548511,261,2740,40586,384.26037911011656,187.80216873517992
CJ,Flatwing,0,20,41000,0.68,0,1526.5337425535024,261,2740,39610,384.32871480070116,187.89545713592662
CJ,Flatwing,0,-10,41000,0.68,296,1421.1622336457472,243,2740,41000,386.4674794174891,199.6883987067004
CJ,Flatwing,0,0,41000,0.68,296,1473.126454066615,254,2740,40982,383.9320790108191,190.33004740997217
CJ,Flatwing,0,10,41000,0.68,296,1477.2208688301578,254,2740,40006,384.00155394430755,190.4254444523038
CJ,Flatwing,0,20,41000,0.68,296,1482.035403108217,254,2740,39037,384.04774662148566,190.47350006437924
CJ,Flatwing,0,-10,41000,0.68,591,1408.472424654034,243,2740,40995,384.55726436583757,199.1397058077543
CJ,Flatwing,0,0,41000,0.68,591,1431.0371564729687,247,2740,40408,383.55439988210463,192.96166353115967
CJ,Flatwing,0,10,41000,0.68,591,1435.5686970470456,247,2740,39432,383.6221045166785,193.05706678598722
CJ,Flatwing,0,20,41000,0.68,591,1440.0693018388672,248,2740,38460,383.6783061517069,193.1280060952745
CJ,Flatwing,0,-10,41000,0.68,887,1311.2769124447484,228,2583,40996,382.50283785521015,193.57302159477535
CJ,Flatwing,0,0,41000,0.68,887,1320.4470183004976,230,2583,40134,382.22401763591273,193.84105278982403
CJ,Flatwing,0,10,41000,0.68,887,1325.4282536799926,230,2583,39163,382.2816932858623,193.90960705339046
CJ,Flatwing,0,20,41000,0.68,887,1329.3900290824927,230,2583,38184,382.3547390522989,194.0154998881819
CJ,Flatwing,0,-10,41000,0.68,1183,1140.3616366589602,201,2287,40996,380.2993140939585,192.8004537767303
CJ,Flatwing,0,0,41000,0.68,1183,1149.054594410472,202,2287,40134,379.98602085048736,193.0941140719864
CJ,Flatwing,0,10,41000,0.68,1183,1154.0194564916342,203,2287,39163,380.0479251796096,193.16338248027154
CJ,Flatwing,0,20,41000,0.68,1183,1158.4185965276017,203,2287,38184,380.1263153581172,193.2700969350028
CJ,Flatwing,0,-10,41000,0.68,1479,970.8053715154061,174,1991,40996,377.9248750864837,191.9952714911946
CJ,Flatwing,0,0,41000,0.68,1479,978.6885959951982,175,1991,40134,377.5805073534309,192.31845208727913
CJ,Flatwing,0,10,41000,0.68,1479,983.6366067098592,176,1991,39163,377.6470679144242,192.38847860838783
CJ,Flatwing,0,20,41000,0.68,1479,988.0841559770818,176,1991,38184,377.7389598582578,192.49848646385436
CJ,Flatwing,0,-10,41000,0.68,1774,802.9399632862035,147,1696,40996,375.38533186480157,191.16322855535535
CJ,Flatwing,0,0,41000,0.68,1774,809.9487729117454,148,1696,40134,374.9980778927074,191.51490687534277
CJ,Flatwing,0,10,41000,0.68,1774,814.8774879020112,149,1696,39163,375.06978753917247,191.58573798139088
CJ,Flatwing,0,20,41000,0.68,1774,819.7416172368517,149,1696,38184,375.16877689756956,191.69676996573264
CJ,Flatwing,0,-10,41000,0.68,2070,635.1947862365593,120,1400,40996,372.6289349065429,190.29197184177448
CJ,Flatwing,0,0,41000,0.68,2070,641.440215231835,121,1400,40134,372.20175686876325,190.67668424233534
CJ,Flatwing,0,10,41000,0.68,2070,646.7816115795001,121,1400,39163,372.2792436158377,190.74837617280488
CJ,Flatwing,0,20,41000,0.68,2070,651.6093528219503,122,1400,38184,372.38619391082426,190.8605057852536
CJ,Flatwing,0,-10,39000,0.7,0,1334.1102432244252,226,2740,38999,391.0047093356466,210.991528126362
CJ,Flatwing,0,0,39000,0.7,0,1385.4681804564211,235,2740,38995,390.0256296437207,205.90847937561477
CJ,Flatwing,0,10,39000,0.7,0,1438.9379938545735,244,2740,39000,388.4564088344168,200.66166170664337
CJ,Flatwing,0,20,39000,0.7,0,1493.594446076168,255,2740,38998,386.2001833642532,195.2308013610918
CJ,Flatwing,0,-10,39000,0.7,296,1325.364863393453,225,2740,39000,389.60535276453294,210.53411431525103
CJ,Flatwing,0,0,39000,0.7,296,1375.6298428058549,234,2740,39000,388.4580595938292,205.41861243811317
CJ,Flatwing,0,10,39000,0.7,296,1427.28274371964,244,2740,38998,386.68433788738525,200.1318906381625
CJ,Flatwing,0,20,39000,0.7,296,1479.6896410299398,254,2740,38995,384.1857222398389,194.65736260035152
CJ,Flatwing,0,-10,39000,0.7,591,1315.8340688542316,225,2740,39000,388.1207805648812,210.06482153821185
CJ,Flatwing,0,0,39000,0.7,591,1364.519913257316,234,2740,39000,386.79169849749263,204.9144879314444
CJ,Flatwing,0,10,39000,0.7,591,1414.6599119221423,243,2740,38997,384.79508489025085,199.58652469831705
CJ,Flatwing,0,20,39000,0.7,591,1440.0693018388672,248,2740,38460,383.6783061517069,193.1280060952745
CJ,Flatwing,0,-10,39000,0.7,887,1227.982990379208,212,2583,39000,386.5301788882512,209.57714160107227
CJ,Flatwing,0,0,39000,0.7,887,1272.3815169152642,220,2583,39000,385.00546750230137,204.39236642001
CJ,Flatwing,0,10,39000,0.7,887,1318.0514484190844,228,2583,39000,382.7666694329481,194.0727398298025
CJ,Flatwing,0,20,39000,0.7,887,1329.3900290824927,230,2583,38184,382.3547390522989,194.0154998881819
CJ,Flatwing,0,-10,39000,0.7,1183,1070.7259681089897,187,2287,39000,384.84453213903936,205.71090931948993
CJ,Flatwing,0,0,39000,0.7,1183,1108.7614780889123,194,2287,39000,383.09490344765845,199.68624359482232
CJ,Flatwing,0,10,39000,0.7,1183,1148.0067668497238,202,2287,39000,380.58949854684056,193.3070041634631
CJ,Flatwing,0,20,39000,0.7,1183,1158.4185965276017,203,2287,38184,380.1263153581172,193.2700969350028
CJ,Flatwing,0,-10,39000,0.7,1479,914.1684423773912,162,1991,39000,383.05064145412007,205.08780441449147
CJ,Flatwing,0,0,39000,0.7,1479,945.9681600679871,168,1991,39000,381.0533561483942,198.98519442329265
CJ,Flatwing,0,10,39000,0.7,1479,978.9521719777896,175,1991,39000,378.2519502445366,192.5116566308482
CJ,Flatwing,0,20,39000,0.7,1479,988.0841559770818,176,1991,38184,377.7389598582578,192.49848646385436
CJ,Flatwing,0,-10,39000,0.7,1774,758.7916833157841,138,1696,39000,381.14019159562156,204.44426282936053
CJ,Flatwing,0,0,39000,0.7,1774,784.6729238390822,143,1696,39000,378.8838824177651,198.26384788149429
CJ,Flatwing,0,10,39000,0.7,1774,811.0391188722674,148,1696,39000,375.7457160777354,191.68753338694287
CJ,Flatwing,0,20,39000,0.7,1774,819.7416172368517,149,1696,38184,375.16877689756956,191.69676996573264
CJ,Flatwing,0,-10,39000,0.7,2070,603.6760816957476,113,1400,39000,379.0964738844575,203.77705920722863
CJ,Flatwing,0,0,39000,0.7,2070,623.7081708172275,117,1400,39000,376.5447578324973,197.51147517318978
CJ,Flatwing,0,10,39000,0.7,2070,644.111938754245,121,1400,39000,373.02702348246754,190.82482871872324
CJ,Flatwing,0,20,39000,0.7,2070,651.6093528219503,122,1400,38184,372.38619391082426,190.8605057852536
CJ,Flatwing,0,-10,39000,0.69,0,1334.1102432244252,226,2740,38999,391.0047093356466,210.991528126362
CJ,Flatwing,0,0,39000,0.69,0,1385.4681804564211,235,2740,38995,390.0256296437207,205.90847937561477
CJ,Flatwing,0,10,39000,0.69,0,1438.9379938545735,244,2740,39000,388.4564088344168,200.66166170664337
CJ,Flatwing,0,20,39000,0.69,0,1493.594446076168,255,2740,38998,386.2001833642532,195.2308013610918
CJ,Flatwing,0,-10,39000,0.69,296,1325.364863393453,225,2740,39000,389.60535276453294,210.53411431525103
CJ,Flatwing,0,0,39000,0.69,296,1375.6298428058549,234,2740,39000,388.4580595938292,205.41861243811317
CJ,Flatwing,0,10,39000,0.69,296,1427.28274371964,244,2740,38998,386.68433788738525,200.1318906381625
CJ,Flatwing,0,20,39000,0.69,296,1479.6896410299398,254,2740,38995,384.1857222398389,194.65736260035152
CJ,Flatwing,0,-10,39000,0.69,591,1315.8340688542316,225,2740,39000,388.1207805648812,210.06482153821185
CJ,Flatwing,0,0,39000,0.69,591,1364.519913257316,234,2740,39000,386.79169849749263,204.9144879314444
CJ,Flatwing,0,10,39000,0.69,591,1414.6599119221423,243,2740,38997,384.79508489025085,199.58652469831705
CJ,Flatwing,0,20,39000,0.69,591,1440.0693018388672,248,2740,38460,383.6783061517069,193.1280060952745
CJ,Flatwing,0,-10,39000,0.69,887,1227.982990379208,212,2583,39000,386.5301788882512,209.57714160107227
CJ,Flatwing,0,0,39000,0.69,887,1272.3815169152642,220,2583,39000,385.00546750230137,204.39236642001
CJ,Flatwing,0,10,39000,0.69,887,1318.0514484190844,228,2583,39000,382.7666694329481,194.0727398298025
CJ,Flatwing,0,20,39000,0.69,887,1329.3900290824927,230,2583,38184,382.3547390522989,194.0154998881819
CJ,Flatwing,0,-10,39000,0.69,1183,1070.7259681089897,187,2287,39000,384.84453213903936,205.71090931948993
CJ,Flatwing,0,0,39000,0.69,1183,1108.7614780889123,194,2287,39000,383.09490344765845,199.68624359482232
CJ,Flatwing,0,10,39000,0.69,1183,1148.0067668497238,202,2287,39000,380.58949854684056,193.3070041634631
CJ,Flatwing,0,20,39000,0.69,1183,1158.4185965276017,203,2287,38184,380.1263153581172,193.2700969350028
CJ,Flatwing,0,-10,39000,0.69,1479,914.1684423773912,162,1991,39000,383.05064145412007,205.08780441449147
CJ,Flatwing,0,0,39000,0.69,1479,945.9681600679871,168,1991,39000,381.0533561483942,198.98519442329265
CJ,Flatwing,0,10,39000,0.69,1479,978.9521719777896,175,1991,39000,378.2519502445366,192.5116566308482
CJ,Flatwing,0,20,39000,0.69,1479,988.0841559770818,176,1991,38184,377.7389598582578,192.49848646385436
CJ,Flatwing,0,-10,39000,0.69,1774,758.7916833157841,138,1696,39000,381.14019159562156,204.44426282936053
CJ,Flatwing,0,0,39000,0.69,1774,784.6729238390822,143,1696,39000,378.8838824177651,198.26384788149429
CJ,Flatwing,0,10,39000,0.69,1774,811.0391188722674,148,1696,39000,375.7457160777354,191.68753338694287
CJ,Flatwing,0,20,39000,0.69,1774,819.7416172368517,149,1696,38184,375.16877689756956,191.69676996573264
CJ,Flatwing,0,-10,39000,0.69,2070,603.6760816957476,113,1400,39000,379.0964738844575,203.77705920722863
CJ,Flatwing,0,0,39000,0.69,2070,623.7081708172275,117,1400,39000,376.5447578324973,197.51147517318978
CJ,Flatwing,0,10,39000,0.69,2070,644.111938754245,121,1400,39000,373.02702348246754,190.82482871872324
CJ,Flatwing,0,20,39000,0.69,2070,651.6093528219503,122,1400,38184,372.38619391082426,190.8605057852536
CJ,Flatwing,0,-10,39000,0.68,0,1334.4828634868777,226,2740,38999,389.9992285890679,210.99305366076788
CJ,Flatwing,0,0,39000,0.68,0,1385.4675576713319,235,2740,38995,389.9992285890679,205.90847937561477
CJ,Flatwing,0,10,39000,0.68,0,1438.9379938545735,244,2740,39000,388.4564088344168,200.66166170664337
CJ,Flatwing,0,20,39000,0.68,0,1493.594446076168,255,2740,38998,386.2001833642532,195.2308013610918
CJ,Flatwing,0,-10,39000,0.68,296,1325.364863393453,225,2740,39000,389.60535276453294,210.53411431525103
CJ,Flatwing,0,0,39000,0.68,296,1375.6298428058549,234,2740,39000,388.4580595938292,205.41861243811317
CJ,Flatwing,0,10,39000,0.68,296,1427.28274371964,244,2740,38998,386.68433788738525,200.1318906381625
CJ,Flatwing,0,20,39000,0.68,296,1479.6896410299398,254,2740,38995,384.1857222398389,194.65736260035152
CJ,Flatwing,0,-10,39000,0.68,591,1315.8340688542316,225,2740,39000,388.1207805648812,210.06482153821185
CJ,Flatwing,0,0,39000,0.68,591,1364.519913257316,234,2740,39000,386.79169849749263,204.9144879314444
CJ,Flatwing,0,10,39000,0.68,591,1414.6599119221423,243,2740,38997,384.79508489025085,199.58652469831705
CJ,Flatwing,0,20,39000,0.68,591,1440.0693018388672,248,2740,38460,383.6783061517069,193.1280060952745
CJ,Flatwing,0,-10,39000,0.68,887,1227.982990379208,212,2583,39000,386.5301788882512,209.57714160107227
CJ,Flatwing,0,0,39000,0.68,887,1272.3815169152642,220,2583,39000,385.00546750230137,204.39236642001
CJ,Flatwing,0,10,39000,0.68,887,1318.0514484190844,228,2583,39000,382.7666694329481,194.0727398298025
CJ,Flatwing,0,20,39000,0.68,887,1329.3900290824927,230,2583,38184,382.3547390522989,194.0154998881819
CJ,Flatwing,0,-10,39000,0.68,1183,1070.7259681089897,187,2287,39000,384.84453213903936,205.71090931948993
CJ,Flatwing,0,0,39000,0.68,1183,1108.7614780889123,194,2287,39000,383.09490344765845,199.68624359482232
CJ,Flatwing,0,10,39000,0.68,1183,1148.0067668497238,202,2287,39000,380.58949854684056,193.3070041634631
CJ,Flatwing,0,20,39000,0.68,1183,1158.4185965276017,203,2287,38184,380.1263153581172,193.2700969350028
CJ,Flatwing,0,-10,39000,0.68,1479,914.1684423773912,162,1991,39000,383.05064145412007,205.08780441449147
CJ,Flatwing,0,0,39000,0.68,1479,945.9681600679871,168,1991,39000,381.0533561483942,198.98519442329265
CJ,Flatwing,0,10,39000,0.68,1479,978.9521719777896,175,1991,39000,378.2519502445366,192.5116566308482
CJ,Flatwing,0,20,39000,0.68,1479,988.0841559770818,176,1991,38184,377.7389598582578,192.49848646385436
CJ,Flatwing,0,-10,39000,0.68,1774,758.7916833157841,138,1696,39000,381.14019159562156,204.44426282936053
CJ,Flatwing,0,0,39000,0.68,1774,784.6729238390822,143,1696,39000,378.8838824177651,198.26384788149429
CJ,Flatwing,0,10,39000,0.68,1774,811.0391188722674,148,1696,39000,375.7457160777354,191.68753338694287
CJ,Flatwing,0,20,39000,0.68,1774,819.7416172368517,149,1696,38184,375.16877689756956,191.69676996573264
CJ,Flatwing,0,-10,39000,0.68,2070,603.6760816957476,113,1400,39000,379.0964738844575,203.77705920722863
CJ,Flatwing,0,0,39000,0.68,2070,623.7081708172275,117,1400,39000,376.5447578324973,197.51147517318978
CJ,Flatwing,0,10,39000,0.68,2070,644.111938754245,121,1400,39000,373.02702348246754,190.82482871872324
CJ,Flatwing,0,20,39000,0.68,2070,651.6093528219503,122,1400,38184,372.38619391082426,190.8605057852536
CJ,Flatwing,0,-10,37000,0.7,0,1243.1198366162248,210,2740,37000,391.7901921421725,221.0908329111404
CJ,Flatwing,0,0,37000,0.7,0,1289.5613017985033,218,2740,36999,391.50184851993913,216.316789031694
CJ,Flatwing,0,10,37000,0.7,0,1339.2547717084005,226,2740,36998,391.09255266789876,211.40165044038957
CJ,Flatwing,0,20,37000,0.7,0,1391.2173220450902,235,2740,37000,390.16281118692604,206.33395868371304
CJ,Flatwing,0,-10,37000,0.7,296,1235.9507641775463,210,2740,36996,390.6592197834656,220.69069315312385
CJ,Flatwing,0,0,37000,0.7,296,1281.700367208691,217,2740,37000,390.2529784388224,215.8902863124122
CJ,Flatwing,0,10,37000,0.7,296,1330.596286786678,225,2740,36997,389.70646015118166,210.94794968596125
CJ,Flatwing,0,20,37000,0.7,296,1381.3809516367137,234,2740,37000,388.6107712995947,205.84659345833313
CJ,Flatwing,0,-10,37000,0.7,591,1229.0617612804206,209,2740,37000,389.4687118040919,220.28101744107903
CJ,Flatwing,0,0,37000,0.7,591,1273.666049088509,217,2740,37000,388.93580455647265,215.4547372706648
CJ,Flatwing,0,10,37000,0.7,591,1321.5691217340716,225,2740,37000,388.236034745008,210.4808392392281
CJ,Flatwing,0,20,37000,0.7,591,1370.8403983944743,234,2740,37000,386.9610305523072,205.34495806638222
CJ,Flatwing,0,-10,37000,0.7,887,1148.4555351439258,197,2583,36999,388.2068427498019,219.8599770631727
CJ,Flatwing,0,0,37000,0.7,887,1190.0639571055433,204,2583,36995,387.53225684212816,215.00367208891103
CJ,Flatwing,0,10,37000,0.7,887,1233.444428505193,212,2583,37000,386.6638021967588,209.99724923044926
CJ,Flatwing,0,20,37000,0.7,887,1278.6100100285926,220,2583,37000,385.19116969931815,204.8244076162029
CJ,Flatwing,0,-10,37000,0.7,1183,1003.3003793051776,175,2287,36999,386.864985692245,219.42432096532303
CJ,Flatwing,0,0,37000,0.7,1183,1039.3680579330155,181,2287,36995,386.0449244230304,214.540030462386
CJ,Flatwing,0,10,37000,0.7,1183,1077.133579323094,187,2287,37000,384.9964604168385,206.16425212290181
CJ,Flatwing,0,20,37000,0.7,1183,1115.540910365315,194,2287,37000,383.30818986220834,200.16764691824667
CJ,Flatwing,0,-10,37000,0.7,1479,859.1867407371459,152,1991,36999,385.4505394932828,218.9780352904882
CJ,Flatwing,0,0,37000,0.7,1479,889.1698282346761,157,1991,36995,384.461718390208,211.30555164348496
CJ,Flatwing,0,10,37000,0.7,1479,920.9752687766882,163,1991,37000,383.21634075639895,205.5439496114982
CJ,Flatwing,0,20,37000,0.7,1479,953.6598680099502,169,1991,37000,381.2904739052914,199.47264952995647
CJ,Flatwing,0,-10,37000,0.7,1774,715.2671517984933,130,1696,36999,383.95978285420574,216.279335878417
CJ,Flatwing,0,0,37000,0.7,1774,740.2188629046403,134,1696,36995,382.79389502579477,210.73363259480493
CJ,Flatwing,0,10,37000,0.7,1774,766.1651322967756,138,1696,37000,381.3340291672942,204.90776402859458
CJ,Flatwing,0,20,37000,0.7,1774,792.8000483649168,143,1696,37000,379.1472170797307,198.7577082991946
CJ,Flatwing,0,-10,37000,0.7,2070,571.7211448940861,107,1400,36999,382.3705032572854,215.74166274114697
CJ,Flatwing,0,0,37000,0.7,2070,591.3047018442247,110,1400,36995,381.0108326635352,210.139995766176
CJ,Flatwing,0,10,37000,0.7,2070,611.5188701016813,114,1400,37000,379.31448003207316,204.2460955346898
CJ,Flatwing,0,20,37000,0.7,2070,631.8169707973431,117,1400,37000,376.8373556574389,198.01218432802304
CJ,Flatwing,0,-10,37000,0.69,0,1243.1198366162248,210,2740,37000,391.7901921421725,221.0908329111404
CJ,Flatwing,0,0,37000,0.69,0,1289.5613017985033,218,2740,36999,391.50184851993913,216.316789031694
CJ,Flatwing,0,10,37000,0.69,0,1339.2547717084005,226,2740,36998,391.09255266789876,211.40165044038957
CJ,Flatwing,0,20,37000,0.69,0,1391.2173220450902,235,2740,37000,390.16281118692604,206.33395868371304
CJ,Flatwing,0,-10,37000,0.69,296,1235.9507641775463,210,2740,36996,390.6592197834656,220.69069315312385
CJ,Flatwing,0,0,37000,0.69,296,1281.700367208691,217,2740,37000,390.2529784388224,215.8902863124122
CJ,Flatwing,0,10,37000,0.69,296,1330.596286786678,225,2740,36997,389.70646015118166,210.94794968596125
CJ,Flatwing,0,20,37000,0.69,296,1381.3809516367137,234,2740,37000,388.6107712995947,205.84659345833313
CJ,Flatwing,0,-10,37000,0.69,591,1229.0617612804206,209,2740,37000,389.4687118040919,220.28101744107903
CJ,Flatwing,0,0,37000,0.69,591,1273.666049088509,217,2740,37000,388.93580455647265,215.4547372706648
CJ,Flatwing,0,10,37000,0.69,591,1321.5691217340716,225,2740,37000,388.236034745008,210.4808392392281
CJ,Flatwing,0,20,37000,0.69,591,1370.8403983944743,234,2740,37000,386.9610305523072,205.34495806638222
CJ,Flatwing,0,-10,37000,0.69,887,1148.4555351439258,197,2583,36999,388.2068427498019,219.8599770631727
CJ,Flatwing,0,0,37000,0.69,887,1190.0639571055433,204,2583,36995,387.53225684212816,215.00367208891103
CJ,Flatwing,0,10,37000,0.69,887,1233.444428505193,212,2583,37000,386.6638021967588,209.99724923044926
CJ,Flatwing,0,20,37000,0.69,887,1278.6100100285926,220,2583,37000,385.19116969931815,204.8244076162029
CJ,Flatwing,0,-10,37000,0.69,1183,1003.3003793051776,175,2287,36999,386.864985692245,219.42432096532303
CJ,Flatwing,0,0,37000,0.69,1183,1039.3680579330155,181,2287,36995,386.0449244230304,214.540030462386
CJ,Flatwing,0,10,37000,0.69,1183,1077.133579323094,187,2287,37000,384.9964604168385,206.16425212290181
CJ,Flatwing,0,20,37000,0.69,1183,1115.540910365315,194,2287,37000,383.30818986220834,200.16764691824667
CJ,Flatwing,0,-10,37000,0.69,1479,859.1867407371459,152,1991,36999,385.4505394932828,218.9780352904882
CJ,Flatwing,0,0,37000,0.69,1479,889.1698282346761,157,1991,36995,384.461718390208,211.30555164348496
CJ,Flatwing,0,10,37000,0.69,1479,920.9752687766882,163,1991,37000,383.21634075639895,205.5439496114982
CJ,Flatwing,0,20,37000,0.69,1479,953.6598680099502,169,1991,37000,381.2904739052914,199.47264952995647
CJ,Flatwing,0,-10,37000,0.69,1774,715.2671517984933,130,1696,36999,383.95978285420574,216.279335878417
CJ,Flatwing,0,0,37000,0.69,1774,740.2188629046403,134,1696,36995,382.79389502579477,210.73363259480493
CJ,Flatwing,0,10,37000,0.69,1774,766.1651322967756,138,1696,37000,381.3340291672942,204.90776402859458
CJ,Flatwing,0,20,37000,0.69,1774,792.8000483649168,143,1696,37000,379.1472170797307,198.7577082991946
CJ,Flatwing,0,-10,37000,0.69,2070,571.7211448940861,107,1400,36999,382.3705032572854,215.74166274114697
CJ,Flatwing,0,0,37000,0.69,2070,591.3047018442247,110,1400,36995,381.0108326635352,210.139995766176
CJ,Flatwing,0,10,37000,0.69,2070,611.5188701016813,114,1400,37000,379.31448003207316,204.2460955346898
CJ,Flatwing,0,20,37000,0.69,2070,631.8169707973431,117,1400,37000,376.8373556574389,198.01218432802304
CJ,Flatwing,0,-10,37000,0.68,0,1243.5990714399275,210,2740,37000,390.08630445376485,221.09228629555838
CJ,Flatwing,0,0,37000,0.68,0,1290.2611090387086,218,2740,36999,389.9992285890679,216.31976019432108
CJ,Flatwing,0,10,37000,0.68,0,1339.5993726671811,226,2740,36998,389.9992285890679,211.40317182401503
CJ,Flatwing,0,20,37000,0.68,0,1391.2102551959026,235,2740,37000,389.9992285890679,206.33395868371304
CJ,Flatwing,0,-10,37000,0.68,296,1236.3363499818647,210,2740,36996,390.08630445376485,220.69069315312385
CJ,Flatwing,0,0,37000,0.68,296,1282.2276813024114,217,2740,37000,389.9992285890679,215.89181580415973
CJ,Flatwing,0,10,37000,0.68,296,1330.596286786678,225,2740,36997,389.70646015118166,210.94794968596125
CJ,Flatwing,0,20,37000,0.68,296,1381.3809516367137,234,2740,37000,388.6107712995947,205.84659345833313
CJ,Flatwing,0,-10,37000,0.68,591,1229.0617612804206,209,2740,37000,389.4687118040919,220.28101744107903
CJ,Flatwing,0,0,37000,0.68,591,1273.666049088509,217,2740,37000,388.93580455647265,215.4547372706648
CJ,Flatwing,0,10,37000,0.68,591,1321.5691217340716,225,2740,37000,388.236034745008,210.4808392392281
CJ,Flatwing,0,20,37000,0.68,591,1370.8403983944743,234,2740,37000,386.9610305523072,205.34495806638222
CJ,Flatwing,0,-10,37000,0.68,887,1148.4555351439258,197,2583,36999,388.2068427498019,219.8599770631727
CJ,Flatwing,0,0,37000,0.68,887,1190.0639571055433,204,2583,36995,387.53225684212816,215.00367208891103
CJ,Flatwing,0,10,37000,0.68,887,1233.444428505193,212,2583,37000,386.6638021967588,209.99724923044926
CJ,Flatwing,0,20,37000,0.68,887,1278.6100100285926,220,2583,37000,385.19116969931815,204.8244076162029
CJ,Flatwing,0,-10,37000,0.68,1183,1003.3003793051776,175,2287,36999,386.864985692245,219.42432096532303
CJ,Flatwing,0,0,37000,0.68,1183,1039.3680579330155,181,2287,36995,386.0449244230304,214.540030462386
CJ,Flatwing,0,10,37000,0.68,1183,1077.133579323094,187,2287,37000,384.9964604168385,206.16425212290181
CJ,Flatwing,0,20,37000,0.68,1183,1115.540910365315,194,2287,37000,383.30818986220834,200.16764691824667
CJ,Flatwing,0,-10,37000,0.68,1479,859.1867407371459,152,1991,36999,385.4505394932828,218.9780352904882
CJ,Flatwing,0,0,37000,0.68,1479,889.1698282346761,157,1991,36995,384.461718390208,211.30555164348496
CJ,Flatwing,0,10,37000,0.68,1479,920.9752687766882,163,1991,37000,383.21634075639895,205.5439496114982
CJ,Flatwing,0,20,37000,0.68,1479,953.6598680099502,169,1991,37000,381.2904739052914,199.47264952995647
CJ,Flatwing,0,-10,37000,0.68,1774,715.2671517984933,130,1696,36999,383.95978285420574,216.279335878417
CJ,Flatwing,0,0,37000,0.68,1774,740.2188629046403,134,1696,36995,382.79389502579477,210.73363259480493
CJ,Flatwing,0,10,37000,0.68,1774,766.1651322967756,138,1696,37000,381.3340291672942,204.90776402859458
CJ,Flatwing,0,20,37000,0.68,1774,792.8000483649168,143,1696,37000,379.1472170797307,198.7577082991946
CJ,Flatwing,0,-10,37000,0.68,2070,571.7211448940861,107,1400,36999,382.3705032572854,215.74166274114697
CJ,Flatwing,0,0,37000,0.68,2070,591.3047018442247,110,1400,36995,381.0108326635352,210.139995766176
CJ,Flatwing,0,10,37000,0.68,2070,611.5188701016813,114,1400,37000,379.31448003207316,204.2460955346898
CJ,Flatwing,0,20,37000,0.68,2070,631.8169707973431,117,1400,37000,376.8373556574389,198.01218432802304
CJ,Tamarack,0,-10,41000,0.7,0,1452.1251527878899,245,2740,41000,391.1952779585961,200.5931891205821
CJ,Tamarack,0,0,41000,0.7,0,1512.9804720067423,255,2740,40997,389.5755149285547,195.2947840127924
CJ,Tamarack,0,10,41000,0.7,0,1576.7207036152622,267,2740,40997,387.31655576752,189.84469595017242
CJ,Tamarack,0,20,41000,0.7,0,1642.7708490891541,280,2740,40995,384.31871915249326,184.2000074447074
CJ,Tamarack,0,-10,41000,0.7,342,1441.9729380822703,244,2740,41000,389.81743843762473,200.10837106960963
CJ,Tamarack,0,0,41000,0.7,342,1501.2297906289516,255,2740,40999,388.02998155382244,194.7991698625675
CJ,Tamarack,0,10,41000,0.7,342,1563.423343460038,266,2740,40998,385.56200080733174,189.30639370220675
CJ,Tamarack,0,20,41000,0.7,342,1627.1793469886447,279,2740,41000,382.3189904399815,183.61420601638662
CJ,Tamarack,0,-10,41000,0.7,684,1415.100337048103,241,2711,40997,388.35102099081445,199.63273497956723
CJ,Tamarack,0,0,41000,0.7,684,1472.0780979394717,251,2711,41000,386.3693271761066,194.2824694032637
CJ,Tamarack,0,10,41000,0.7,684,1531.9545332948394,263,2711,41000,383.67815774432614,188.74762466861455
CJ,Tamarack,0,20,41000,0.7,684,1592.5140385578454,275,2711,40991,380.1546274031731,183.0032512222715
CJ,Tamarack,0,-10,41000,0.7,1026,1214.9078973824446,210,2369,40997,386.77644124546987,199.13904294111467
CJ,Tamarack,0,0,41000,0.7,1026,1263.4111027489528,218,2369,41000,384.5936227354977,193.75027349036887
CJ,Tamarack,0,10,41000,0.7,1026,1313.6423660679857,228,2369,41000,381.64725029321824,188.1675059732175
CJ,Tamarack,0,20,41000,0.7,1026,1364.7054616662037,239,2369,40991,377.8143347346929,182.3685027601986
CJ,Tamarack,0,-10,41000,0.7,1369,1015.0978089600632,178,2026,40997,385.09378228986077,198.6288329490912
CJ,Tamarack,0,0,41000,0.7,1369,1055.1066095859485,186,2026,41000,382.6794560913356,193.1964383545002
CJ,Tamarack,0,10,41000,0.7,1369,1096.4329693472594,194,2026,41000,379.45370436088547,187.56406920640256
CJ,Tamarack,0,20,41000,0.7,1369,1137.7460195641843,202,2026,40991,375.26635788225326,178.04099922119232
CJ,Tamarack,0,-10,41000,0.7,1711,816.706940982766,147,1684,40997,383.299997169379,198.1028981023364
CJ,Tamarack,0,0,41000,0.7,1711,847.9459556254167,153,1684,41000,380.62990554179373,190.57138041385244
CJ,Tamarack,0,10,41000,0.7,1711,880.5831371870164,159,1684,41000,377.0925473669071,184.0973542253432
CJ,Tamarack,0,20,41000,0.7,1711,913.3978278709714,166,1684,40991,372.51124694936686,177.19541356674978
CJ,Tamarack,0,-10,41000,0.7,2053,619.160652166043,116,1342,40997,381.37623347856567,196.09647852838205
CJ,Tamarack,0,0,41000,0.7,2053,642.358907365671,120,1342,41000,378.427342585972,189.90296248517063
CJ,Tamarack,0,10,41000,0.7,2053,666.5543133744288,125,1342,41000,374.54004709075645,183.33453274567816
CJ,Tamarack,0,20,41000,0.7,2053,690.6736914934457,130,1342,40991,369.5028105280844,176.30878502873747
CJ,Tamarack,0,-10,41000,0.7,2395,422.6240840451856,85,1000,40997,379.31630143995403,195.47672357353844
CJ,Tamarack,0,0,41000,0.7,2395,438.4161984073523,87,1000,41000,376.05641387577765,189.20142366066423
CJ,Tamarack,0,10,41000,0.7,2395,453.92823409817015,90,1000,41000,371.76667320214335,182.52593062559106
CJ,Tamarack,0,20,41000,0.7,2395,469.36588111618715,93,1000,40991,366.21245807210573,175.36199226679082
CJ,Tamarack,0,-10,41000,0.69,0,1452.1251527878899,245,2740,41000,391.1952779585961,200.5931891205821
CJ,Tamarack,0,0,41000,0.69,0,1512.9804720067423,255,2740,40997,389.5755149285547,195.2947840127924
CJ,Tamarack,0,10,41000,0.69,0,1576.7207036152622,267,2740,40997,387.31655576752,189.84469595017242
CJ,Tamarack,0,20,41000,0.69,0,1642.7708490891541,280,2740,40995,384.31871915249326,184.2000074447074
CJ,Tamarack,0,-10,41000,0.69,342,1441.9729380822703,244,2740,41000,389.81743843762473,200.10837106960963
CJ,Tamarack,0,0,41000,0.69,342,1501.2297906289516,255,2740,40999,388.02998155382244,194.7991698625675
CJ,Tamarack,0,10,41000,0.69,342,1563.423343460038,266,2740,40998,385.56200080733174,189.30639370220675
CJ,Tamarack,0,20,41000,0.69,342,1627.1793469886447,279,2740,41000,382.3189904399815,183.61420601638662
CJ,Tamarack,0,-10,41000,0.69,684,1415.100337048103,241,2711,40997,388.35102099081445,199.63273497956723
CJ,Tamarack,0,0,41000,0.69,684,1472.0780979394717,251,2711,41000,386.3693271761066,194.2824694032637
CJ,Tamarack,0,10,41000,0.69,684,1531.9545332948394,263,2711,41000,383.67815774432614,188.74762466861455
CJ,Tamarack,0,20,41000,0.69,684,1592.5140385578454,275,2711,40991,380.1546274031731,183.0032512222715
CJ,Tamarack,0,-10,41000,0.69,1026,1214.9078973824446,210,2369,40997,386.77644124546987,199.13904294111467
CJ,Tamarack,0,0,41000,0.69,1026,1263.4111027489528,218,2369,41000,384.5936227354977,193.75027349036887
CJ,Tamarack,0,10,41000,0.69,1026,1313.6423660679857,228,2369,41000,381.64725029321824,188.1675059732175
CJ,Tamarack,0,20,41000,0.69,1026,1364.7054616662037,239,2369,40991,377.8143347346929,182.3685027601986
CJ,Tamarack,0,-10,41000,0.69,1369,1015.0978089600632,178,2026,40997,385.09378228986077,198.6288329490912
CJ,Tamarack,0,0,41000,0.69,1369,1055.1066095859485,186,2026,41000,382.6794560913356,193.1964383545002
CJ,Tamarack,0,10,41000,0.69,1369,1096.4329693472594,194,2026,41000,379.45370436088547,187.56406920640256
CJ,Tamarack,0,20,41000,0.69,1369,1137.7460195641843,202,2026,40991,375.26635788225326,178.04099922119232
CJ,Tamarack,0,-10,41000,0.69,1711,816.706940982766,147,1684,40997,383.299997169379,198.1028981023364
CJ,Tamarack,0,0,41000,0.69,1711,847.9459556254167,153,1684,41000,380.62990554179373,190.57138041385244
CJ,Tamarack,0,10,41000,0.69,1711,880.5831371870164,159,1684,41000,377.0925473669071,184.0973542253432
CJ,Tamarack,0,20,41000,0.69,1711,913.3978278709714,166,1684,40991,372.51124694936686,177.19541356674978
CJ,Tamarack,0,-10,41000,0.69,2053,619.160652166043,116,1342,40997,381.37623347856567,196.09647852838205
CJ,Tamarack,0,0,41000,0.69,2053,642.358907365671,120,1342,41000,378.427342585972,189.90296248517063
CJ,Tamarack,0,10,41000,0.69,2053,666.5543133744288,125,1342,41000,374.54004709075645,183.33453274567816
CJ,Tamarack,0,20,41000,0.69,2053,690.6736914934457,130,1342,40991,369.5028105280844,176.30878502873747
CJ,Tamarack,0,-10,41000,0.69,2395,422.6240840451856,85,1000,40997,379.31630143995403,195.47672357353844
CJ,Tamarack,0,0,41000,0.69,2395,438.4161984073523,87,1000,41000,376.05641387577765,189.20142366066423
CJ,Tamarack,0,10,41000,0.69,2395,453.92823409817015,90,1000,41000,371.76667320214335,182.52593062559106
CJ,Tamarack,0,20,41000,0.69,2395,469.36588111618715,93,1000,40991,366.21245807210573,175.36199226679082
CJ,Tamarack,0,-10,41000,0.68,0,1452.3686326928278,245,2740,41000,389.9992285890679,200.59440033774206
CJ,Tamarack,0,0,41000,0.68,0,1512.9804720067423,255,2740,40997,389.5755149285547,195.2947840127924
CJ,Tamarack,0,10,41000,0.68,0,1576.7207036152622,267,2740,40997,387.31655576752,189.84469595017242
CJ,Tamarack,0,20,41000,0.68,0,1642.7708490891541,280,2740,40995,384.31871915249326,184.2000074447074
CJ,Tamarack,0,-10,41000,0.68,342,1441.9729380822703,244,2740,41000,389.81743843762473,200.10837106960963
CJ,Tamarack,0,0,41000,0.68,342,1501.2297906289516,255,2740,40999,388.02998155382244,194.7991698625675
CJ,Tamarack,0,10,41000,0.68,342,1563.423343460038,266,2740,40998,385.56200080733174,189.30639370220675
CJ,Tamarack,0,20,41000,0.68,342,1627.1793469886447,279,2740,41000,382.3189904399815,183.61420601638662
CJ,Tamarack,0,-10,41000,0.68,684,1415.100337048103,241,2711,40997,388.35102099081445,199.63273497956723
CJ,Tamarack,0,0,41000,0.68,684,1472.0780979394717,251,2711,41000,386.3693271761066,194.2824694032637
CJ,Tamarack,0,10,41000,0.68,684,1531.9545332948394,263,2711,41000,383.67815774432614,188.74762466861455
CJ,Tamarack,0,20,41000,0.68,684,1592.5140385578454,275,2711,40991,380.1546274031731,183.0032512222715
CJ,Tamarack,0,-10,41000,0.68,1026,1214.9078973824446,210,2369,40997,386.77644124546987,199.13904294111467
CJ,Tamarack,0,0,41000,0.68,1026,1263.4111027489528,218,2369,41000,384.5936227354977,193.75027349036887
CJ,Tamarack,0,10,41000,0.68,1026,1313.6423660679857,228,2369,41000,381.64725029321824,188.1675059732175
CJ,Tamarack,0,20,41000,0.68,1026,1364.7054616662037,239,2369,40991,377.8143347346929,182.3685027601986
CJ,Tamarack,0,-10,41000,0.68,1369,1015.0978089600632,178,2026,40997,385.09378228986077,198.6288329490912
CJ,Tamarack,0,0,41000,0.68,1369,1055.1066095859485,186,2026,41000,382.6794560913356,193.1964383545002
CJ,Tamarack,0,10,41000,0.68,1369,1096.4329693472594,194,2026,41000,379.45370436088547,187.56406920640256
CJ,Tamarack,0,20,41000,0.68,1369,1137.7460195641843,202,2026,40991,375.26635788225326,178.04099922119232
CJ,Tamarack,0,-10,41000,0.68,1711,816.706940982766,147,1684,40997,383.299997169379,198.1028981023364
CJ,Tamarack,0,0,41000,0.68,1711,847.9459556254167,153,1684,41000,380.62990554179373,190.57138041385244
CJ,Tamarack,0,10,41000,0.68,1711,880.5831371870164,159,1684,41000,377.0925473669071,184.0973542253432
CJ,Tamarack,0,20,41000,0.68,1711,913.3978278709714,166,1684,40991,372.51124694936686,177.19541356674978
CJ,Tamarack,0,-10,41000,0.68,2053,619.160652166043,116,1342,40997,381.37623347856567,196.09647852838205
CJ,Tamarack,0,0,41000,0.68,2053,642.358907365671,120,1342,41000,378.427342585972,189.90296248517063
CJ,Tamarack,0,10,41000,0.68,2053,666.5543133744288,125,1342,41000,374.54004709075645,183.33453274567816
CJ,Tamarack,0,20,41000,0.68,2053,690.6736914934457,130,1342,40991,369.5028105280844,176.30878502873747
CJ,Tamarack,0,-10,41000,0.68,2395,422.6240840451856,85,1000,40997,379.31630143995403,195.47672357353844
CJ,Tamarack,0,0,41000,0.68,2395,438.4161984073523,87,1000,41000,376.05641387577765,189.20142366066423
CJ,Tamarack,0,10,41000,0.68,2395,453.92823409817015,90,1000,41000,371.76667320214335,182.52593062559106
CJ,Tamarack,0,20,41000,0.68,2395,469.36588111618715,93,1000,40991,366.21245807210573,175.36199226679082
CJ,Tamarack,0,-10,39000,0.7,0,1344.5776107866895,226,2740,39000,392.82929435506406,211.60522546795718
CJ,Tamarack,0,0,39000,0.7,0,1400.3279925817799,235,2740,39000,392.32860361303034,206.38587748625415
CJ,Tamarack,0,10,39000,0.7,0,1458.345634065134,245,2740,39000,391.32521519196354,201.02070289395908
CJ,Tamarack,0,20,39000,0.7,0,1520.0825002471108,255,2740,39000,389.75809541184066,195.73386483615099
CJ,Tamarack,0,-10,39000,0.7,342,1336.8083681126038,226,2740,39000,391.73314524429617,210.87713251977195
CJ,Tamarack,0,0,39000,0.7,342,1391.2137471039507,235,2740,39000,391.10912725812267,205.67285577940828
CJ,Tamarack,0,10,39000,0.7,342,1448.324422140255,244,2740,39000,389.96390313015246,200.53602842373496
CJ,Tamarack,0,20,39000,0.7,342,1508.4055908725582,255,2740,39000,388.22702762329584,195.23946323693605
CJ,Tamarack,0,-10,39000,0.7,684,1313.6226438917445,223,2711,39000,390.56712988011236,210.2355222581366
CJ,Tamarack,0,0,39000,0.7,684,1366.7667780680797,232,2711,38998,389.81167308476586,205.22564309997614
CJ,Tamarack,0,10,39000,0.7,684,1421.9547665433054,241,2711,38998,388.5105048347826,200.06236189495885
CJ,Tamarack,0,20,39000,0.7,684,1479.9884906684765,251,2711,39000,386.5898147598079,194.7287331433195
CJ,Tamarack,0,-10,39000,0.7,1026,1130.194947003372,194,2369,39000,389.32662680833204,209.81107013351289
CJ,Tamarack,0,0,39000,0.7,1026,1175.6199951761278,202,2369,38998,388.42820546111307,204.77109805496843
CJ,Tamarack,0,10,39000,0.7,1026,1222.3362115741886,210,2369,38998,386.9555142503703,199.57277814351494
CJ,Tamarack,0,20,39000,0.7,1026,1271.7596207741656,219,2369,39000,384.8323212459357,194.19966923279824
CJ,Tamarack,0,-10,39000,0.7,1369,946.819406432393,166,2026,39000,388.00462709457145,209.3725345007407
CJ,Tamarack,0,0,39000,0.7,1369,984.1782757762298,172,2026,38998,386.9504922333771,204.30087224101942
CJ,Tamarack,0,10,39000,0.7,1369,1023.4439325179414,179,2026,38998,385.2898038168218,199.06553393468135
CJ,Tamarack,0,20,39000,0.7,1369,1063.9627227119026,186,2026,39000,382.9432057815649,193.6505771159037
CJ,Tamarack,0,-10,39000,0.7,1711,764.6120029844672,138,1684,39000,386.6044590379604,208.9220825431748
CJ,Tamarack,0,0,39000,0.7,1711,794.3690825371959,142,1684,38998,385.3764882553234,203.81572727199958
CJ,Tamarack,0,10,39000,0.7,1711,825.5065207629252,148,1684,38998,383.51451218194023,198.542719975712
CJ,Tamarack,0,20,39000,0.7,1711,857.6611244390688,154,1684,39000,380.91610003690124,193.08198938159123
CJ,Tamarack,0,-10,39000,0.7,2053,583.0688406861609,109,1342,39000,385.1174051182164,208.4580278001464
CJ,Tamarack,0,0,39000,0.7,2053,605.430846447693,113,1342,38998,383.7043987342322,203.31655574343256
CJ,Tamarack,0,10,39000,0.7,2053,628.4993333654667,117,1342,38998,381.6163549479491,196.55916818558103
CJ,Tamarack,0,20,39000,0.7,2053,652.5517791253684,121,1342,39000,378.744172298031,190.39363386320903
CJ,Tamarack,0,-10,39000,0.7,2395,402.56626714064345,81,1000,39000,383.53305067166525,207.97849429543876
CJ,Tamarack,0,0,39000,0.7,2395,417.23385974674767,83,1000,38998,381.91721580202585,201.87153875999903
CJ,Tamarack,0,10,39000,0.7,2395,432.9253119686742,86,1000,38998,379.5848750135241,195.94755552339313
CJ,Tamarack,0,20,39000,0.7,2395,449.0024279231073,88,1000,39000,376.40142938739433,189.7005182979026
CJ,Tamarack,0,-10,39000,0.69,0,1344.5776107866895,226,2740,39000,392.82929435506406,211.60522546795718
CJ,Tamarack,0,0,39000,0.69,0,1400.3279925817799,235,2740,39000,392.32860361303034,206.38587748625415
CJ,Tamarack,0,10,39000,0.69,0,1458.345634065134,245,2740,39000,391.32521519196354,201.02070289395908
CJ,Tamarack,0,20,39000,0.69,0,1520.0825002471108,255,2740,39000,389.75809541184066,195.73386483615099
CJ,Tamarack,0,-10,39000,0.69,342,1336.8083681126038,226,2740,39000,391.73314524429617,210.87713251977195
CJ,Tamarack,0,0,39000,0.69,342,1391.2137471039507,235,2740,39000,391.10912725812267,205.67285577940828
CJ,Tamarack,0,10,39000,0.69,342,1448.324422140255,244,2740,39000,389.96390313015246,200.53602842373496
CJ,Tamarack,0,20,39000,0.69,342,1508.4055908725582,255,2740,39000,388.22702762329584,195.23946323693605
CJ,Tamarack,0,-10,39000,0.69,684,1313.6226438917445,223,2711,39000,390.56712988011236,210.2355222581366
CJ,Tamarack,0,0,39000,0.69,684,1366.7667780680797,232,2711,38998,389.81167308476586,205.22564309997614
CJ,Tamarack,0,10,39000,0.69,684,1421.9547665433054,241,2711,38998,388.5105048347826,200.06236189495885
CJ,Tamarack,0,20,39000,0.69,684,1479.9884906684765,251,2711,39000,386.5898147598079,194.7287331433195
CJ,Tamarack,0,-10,39000,0.69,1026,1130.194947003372,194,2369,39000,389.32662680833204,209.81107013351289
CJ,Tamarack,0,0,39000,0.69,1026,1175.6199951761278,202,2369,38998,388.42820546111307,204.77109805496843
CJ,Tamarack,0,10,39000,0.69,1026,1222.3362115741886,210,2369,38998,386.9555142503703,199.57277814351494
CJ,Tamarack,0,20,39000,0.69,1026,1271.7596207741656,219,2369,39000,384.8323212459357,194.19966923279824
CJ,Tamarack,0,-10,39000,0.69,1369,946.819406432393,166,2026,39000,388.00462709457145,209.3725345007407
CJ,Tamarack,0,0,39000,0.69,1369,984.1782757762298,172,2026,38998,386.9504922333771,204.30087224101942
CJ,Tamarack,0,10,39000,0.69,1369,1023.4439325179414,179,2026,38998,385.2898038168218,199.06553393468135
CJ,Tamarack,0,20,39000,0.69,1369,1063.9627227119026,186,2026,39000,382.9432057815649,193.6505771159037
CJ,Tamarack,0,-10,39000,0.69,1711,764.6120029844672,138,1684,39000,386.6044590379604,208.9220825431748
CJ,Tamarack,0,0,39000,0.69,1711,794.3690825371959,142,1684,38998,385.3764882553234,203.81572727199958
CJ,Tamarack,0,10,39000,0.69,1711,825.5065207629252,148,1684,38998,383.51451218194023,198.542719975712
CJ,Tamarack,0,20,39000,0.69,1711,857.6611244390688,154,1684,39000,380.91610003690124,193.08198938159123
CJ,Tamarack,0,-10,39000,0.69,2053,583.0688406861609,109,1342,39000,385.1174051182164,208.4580278001464
CJ,Tamarack,0,0,39000,0.69,2053,605.430846447693,113,1342,38998,383.7043987342322,203.31655574343256
CJ,Tamarack,0,10,39000,0.69,2053,628.4993333654667,117,1342,38998,381.6163549479491,196.55916818558103
CJ,Tamarack,0,20,39000,0.69,2053,652.5517791253684,121,1342,39000,378.744172298031,190.39363386320903
CJ,Tamarack,0,-10,39000,0.69,2395,402.56626714064345,81,1000,39000,383.53305067166525,207.97849429543876
CJ,Tamarack,0,0,39000,0.69,2395,417.23385974674767,83,1000,38998,381.91721580202585,201.87153875999903
CJ,Tamarack,0,10,39000,0.69,2395,432.9253119686742,86,1000,38998,379.5848750135241,195.94755552339313
CJ,Tamarack,0,20,39000,0.69,2395,449.0024279231073,88,1000,39000,376.40142938739433,189.7005182979026
CJ,Tamarack,0,-10,39000,0.68,0,1347.0786620243541,227,2740,39000,389.9992285890679,211.61297072200745
CJ,Tamarack,0,0,39000,0.68,0,1401.816789765613,235,2740,39000,389.9992285890679,206.39050069624983
CJ,Tamarack,0,10,39000,0.68,0,1458.98682407812,245,2740,39000,389.9992285890679,201.02191054757586
CJ,Tamarack,0,20,39000,0.68,0,1520.0825002471108,255,2740,39000,389.75809541184066,195.73386483615099
CJ,Tamarack,0,-10,39000,0.68,342,1337.7897585986973,226,2740,39000,389.9992285890679,210.88064343329754
CJ,Tamarack,0,0,39000,0.68,342,1391.4952894776943,235,2740,39000,389.9992285890679,205.67407382254348
CJ,Tamarack,0,10,39000,0.68,342,1448.324422140255,244,2740,39000,389.96390313015246,200.53602842373496
CJ,Tamarack,0,20,39000,0.68,342,1508.4055908725582,255,2740,39000,388.22702762329584,195.23946323693605
CJ,Tamarack,0,-10,39000,0.68,684,1313.9968425657762,223,2711,39000,389.9992285890679,210.2355222581366
CJ,Tamarack,0,0,39000,0.68,684,1366.7667780680797,232,2711,38998,389.81167308476586,205.22564309997614
CJ,Tamarack,0,10,39000,0.68,684,1421.9547665433054,241,2711,38998,388.5105048347826,200.06236189495885
CJ,Tamarack,0,20,39000,0.68,684,1479.9884906684765,251,2711,39000,386.5898147598079,194.7287331433195
CJ,Tamarack,0,-10,39000,0.68,1026,1130.194947003372,194,2369,39000,389.32662680833204,209.81107013351289
CJ,Tamarack,0,0,39000,0.68,1026,1175.6199951761278,202,2369,38998,388.42820546111307,204.77109805496843
CJ,Tamarack,0,10,39000,0.68,1026,1222.3362115741886,210,2369,38998,386.9555142503703,199.57277814351494
CJ,Tamarack,0,20,39000,0.68,1026,1271.7596207741656,219,2369,39000,384.8323212459357,194.19966923279824
CJ,Tamarack,0,-10,39000,0.68,1369,946.819406432393,166,2026,39000,388.00462709457145,209.3725345007407
CJ,Tamarack,0,0,39000,0.68,1369,984.1782757762298,172,2026,38998,386.9504922333771,204.30087224101942
CJ,Tamarack,0,10,39000,0.68,1369,1023.4439325179414,179,2026,38998,385.2898038168218,199.06553393468135
CJ,Tamarack,0,20,39000,0.68,1369,1063.9627227119026,186,2026,39000,382.9432057815649,193.6505771159037
CJ,Tamarack,0,-10,39000,0.68,1711,764.6120029844672,138,1684,39000,386.6044590379604,208.9220825431748
CJ,Tamarack,0,0,39000,0.68,1711,794.3690825371959,142,1684,38998,385.3764882553234,203.81572727199958
CJ,Tamarack,0,10,39000,0.68,1711,825.5065207629252,148,1684,38998,383.51451218194023,198.542719975712
CJ,Tamarack,0,20,39000,0.68,1711,857.6611244390688,154,1684,39000,380.91610003690124,193.08198938159123
CJ,Tamarack,0,-10,39000,0.68,2053,583.0688406861609,109,1342,39000,385.1174051182164,208.4580278001464
CJ,Tamarack,0,0,39000,0.68,2053,605.430846447693,113,1342,38998,383.7043987342322,203.31655574343256
CJ,Tamarack,0,10,39000,0.68,2053,628.4993333654667,117,1342,38998,381.6163549479491,196.55916818558103
CJ,Tamarack,0,20,39000,0.68,2053,652.5517791253684,121,1342,39000,378.744172298031,190.39363386320903
CJ,Tamarack,0,-10,39000,0.68,2395,402.56626714064345,81,1000,39000,383.53305067166525,207.97849429543876
CJ,Tamarack,0,0,39000,0.68,2395,417.23385974674767,83,1000,38998,381.91721580202585,201.87153875999903
CJ,Tamarack,0,10,39000,0.68,2395,432.9253119686742,86,1000,38998,379.5848750135241,195.94755552339313
CJ,Tamarack,0,20,39000,0.68,2395,449.0024279231073,88,1000,39000,376.40142938739433,189.7005182979026
CJ,Tamarack,0,-10,37000,0.7,0,1248.5132724206337,210,2740,37000,392.8302104384841,221.91445398087916
CJ,Tamarack,0,0,37000,0.7,0,1297.7897182664135,218,2740,36999,392.88506988957903,217.04203521297129
CJ,Tamarack,0,10,37000,0.7,0,1350.5404557234428,226,2740,37000,392.8722144162359,212.00609967179406
CJ,Tamarack,0,20,37000,0.7,0,1406.1072089816591,235,2740,37000,392.4096369742709,206.80094583268044
CJ,Tamarack,0,-10,37000,0.7,342,1242.4530473741077,210,2740,36998,391.93595630699764,221.28550459819434
CJ,Tamarack,0,0,37000,0.7,342,1290.6951776741741,218,2740,37000,391.90222503373536,216.36537224330675
CJ,Tamarack,0,10,37000,0.7,342,1342.8036290468274,226,2740,36995,391.78529421563866,211.2817722624822
CJ,Tamarack,0,20,37000,0.7,342,1397.607032339021,235,2740,37000,391.2036541807721,206.08681683750365
CJ,Tamarack,0,-10,37000,0.7,684,1221.6514044484286,208,2711,37000,390.99057341929836,220.65511845752138
CJ,Tamarack,0,0,37000,0.7,684,1269.2682847310725,215,2711,36997,390.8598725748277,215.69320449173475
CJ,Tamarack,0,10,37000,0.7,684,1320.2095054334018,223,2711,36999,390.6319109014025,210.6396691755573
CJ,Tamarack,0,20,37000,0.7,684,1373.2691721926903,232,2711,37000,389.91710041695166,205.64000840549846
CJ,Tamarack,0,-10,37000,0.7,1026,1053.1769046924962,181,2369,37000,389.98776239297626,220.29601095929897
CJ,Tamarack,0,0,37000,0.7,1026,1093.8294245694758,188,2369,36997,389.7526571381668,215.30362189893842
CJ,Tamarack,0,10,37000,0.7,1026,1136.8630391977558,195,2369,36999,389.4029821096473,210.2175851158268
CJ,Tamarack,0,20,37000,0.7,1026,1182.7151424793756,202,2369,37000,388.550607268781,205.18924750276386
CJ,Tamarack,0,-10,37000,0.7,1369,884.0578372627605,155,2026,37000,388.91946522024085,219.92456870871473
CJ,Tamarack,0,0,37000,0.7,1369,918.3532167214153,161,2026,36997,388.57510192343415,214.90158975499753
CJ,Tamarack,0,10,37000,0.7,1369,954.016028419025,166,2026,36999,388.0934864303143,209.781532316913
CJ,Tamarack,0,20,37000,0.7,1369,992.2219665413775,173,2026,37000,387.08725253392635,204.72168159299545
CJ,Tamarack,0,-10,37000,0.7,1711,716.4829701995643,129,1684,37000,387.796613260957,219.5452630371812
CJ,Tamarack,0,0,37000,0.7,1711,743.4121794124421,133,1684,36997,387.3271458030747,214.4879752876273
CJ,Tamarack,0,10,37000,0.7,1711,772.3306905252412,138,1684,36999,386.7067980799477,209.3336776784994
CJ,Tamarack,0,20,37000,0.7,1711,802.9120258189962,143,1684,37000,385.52883786458705,204.2393307667715
CJ,Tamarack,0,-10,37000,0.7,2053,548.9569306306348,103,1342,37000,386.6097004321136,219.15550923279102
CJ,Tamarack,0,0,37000,0.7,2053,569.5730254781755,106,1342,36997,386.0091873908199,214.06376867383926
CJ,Tamarack,0,10,37000,0.7,2053,591.3029440135184,110,1342,36999,385.2343367559286,208.87234551089287
CJ,Tamarack,0,20,37000,0.7,2053,614.4550160435466,113,1342,37000,383.8736895215907,203.74309241538242
CJ,Tamarack,0,-10,37000,0.7,2395,382.28541261506376,77,1000,37000,385.3513631568048,218.7537331998151
CJ,Tamarack,0,0,37000,0.7,2395,396.33364283154776,79,1000,36997,384.6133318991876,213.6273717284438
CJ,Tamarack,0,10,37000,0.7,2395,411.41421853528567,81,1000,36999,383.6705952504794,208.3970912221708
CJ,Tamarack,0,20,37000,0.7,2395,426.81850468072685,84,1000,37000,382.1101848786877,202.31904737305788
CJ,Tamarack,0,-10,37000,0.69,0,1248.5132724206337,210,2740,37000,392.8302104384841,221.91445398087916
CJ,Tamarack,0,0,37000,0.69,0,1297.7897182664135,218,2740,36999,392.88506988957903,217.04203521297129
CJ,Tamarack,0,10,37000,0.69,0,1350.5404557234428,226,2740,37000,392.8722144162359,212.00609967179406
CJ,Tamarack,0,20,37000,0.69,0,1406.1072089816591,235,2740,37000,392.4096369742709,206.80094583268044
CJ,Tamarack,0,-10,37000,0.69,342,1242.4530473741077,210,2740,36998,391.93595630699764,221.28550459819434
CJ,Tamarack,0,0,37000,0.69,342,1290.6951776741741,218,2740,37000,391.90222503373536,216.36537224330675
CJ,Tamarack,0,10,37000,0.69,342,1342.8036290468274,226,2740,36995,391.78529421563866,211.2817722624822
CJ,Tamarack,0,20,37000,0.69,342,1397.607032339021,235,2740,37000,391.2036541807721,206.08681683750365
CJ,Tamarack,0,-10,37000,0.69,684,1221.6514044484286,208,2711,37000,390.99057341929836,220.65511845752138
CJ,Tamarack,0,0,37000,0.69,684,1269.2682847310725,215,2711,36997,390.8598725748277,215.69320449173475
CJ,Tamarack,0,10,37000,0.69,684,1320.2095054334018,223,2711,36999,390.6319109014025,210.6396691755573
CJ,Tamarack,0,20,37000,0.69,684,1373.2691721926903,232,2711,37000,389.91710041695166,205.64000840549846
CJ,Tamarack,0,-10,37000,0.69,1026,1053.1769046924962,181,2369,37000,389.98776239297626,220.29601095929897
CJ,Tamarack,0,0,37000,0.69,1026,1093.8294245694758,188,2369,36997,389.7526571381668,215.30362189893842
CJ,Tamarack,0,10,37000,0.69,1026,1136.8630391977558,195,2369,36999,389.4029821096473,210.2175851158268
CJ,Tamarack,0,20,37000,0.69,1026,1182.7151424793756,202,2369,37000,388.550607268781,205.18924750276386
CJ,Tamarack,0,-10,37000,0.69,1369,884.0578372627605,155,2026,37000,388.91946522024085,219.92456870871473
CJ,Tamarack,0,0,37000,0.69,1369,918.3532167214153,161,2026,36997,388.57510192343415,214.90158975499753
CJ,Tamarack,0,10,37000,0.69,1369,954.016028419025,166,2026,36999,388.0934864303143,209.781532316913
CJ,Tamarack,0,20,37000,0.69,1369,992.2219665413775,173,2026,37000,387.08725253392635,204.72168159299545
CJ,Tamarack,0,-10,37000,0.69,1711,716.4829701995643,129,1684,37000,387.796613260957,219.5452630371812
CJ,Tamarack,0,0,37000,0.69,1711,743.4121794124421,133,1684,36997,387.3271458030747,214.4879752876273
CJ,Tamarack,0,10,37000,0.69,1711,772.3306905252412,138,1684,36999,386.7067980799477,209.3336776784994
CJ,Tamarack,0,20,37000,0.69,1711,802.9120258189962,143,1684,37000,385.52883786458705,204.2393307667715
CJ,Tamarack,0,-10,37000,0.69,2053,548.9569306306348,103,1342,37000,386.6097004321136,219.15550923279102
CJ,Tamarack,0,0,37000,0.69,2053,569.5730254781755,106,1342,36997,386.0091873908199,214.06376867383926
CJ,Tamarack,0,10,37000,0.69,2053,591.3029440135184,110,1342,36999,385.2343367559286,208.87234551089287
CJ,Tamarack,0,20,37000,0.69,2053,614.4550160435466,113,1342,37000,383.8736895215907,203.74309241538242
CJ,Tamarack,0,-10,37000,0.69,2395,382.28541261506376,77,1000,37000,385.3513631568048,218.7537331998151
CJ,Tamarack,0,0,37000,0.69,2395,396.33364283154776,79,1000,36997,384.6133318991876,213.6273717284438
CJ,Tamarack,0,10,37000,0.69,2395,411.41421853528567,81,1000,36999,383.6705952504794,208.3970912221708
CJ,Tamarack,0,20,37000,0.69,2395,426.81850468072685,84,1000,37000,382.1101848786877,202.31904737305788
CJ,Tamarack,0,-10,37000,0.68,0,1250.4788824259042,211,2740,37000,390.08630445376485,221.9215936992614
CJ,Tamarack,0,0,37000,0.68,0,1300.1222715570889,219,2740,36999,389.9992285890679,217.0494516871443
CJ,Tamarack,0,10,37000,0.68,0,1352.9900678542976,227,2740,37000,389.9992285890679,212.01382444218996
CJ,Tamarack,0,20,37000,0.68,0,1407.5941161272335,236,2740,37000,389.9992285890679,206.8067076884609
CJ,Tamarack,0,-10,37000,0.68,342,1243.2670308231015,210,2740,36998,390.08630445376485,221.28873286705635
CJ,Tamarack,0,0,37000,0.68,342,1291.960411602555,218,2740,37000,389.9992285890679,216.36873011675686
CJ,Tamarack,0,10,37000,0.68,342,1343.7432606311943,226,2740,36995,389.9992285890679,211.28527353350597
CJ,Tamarack,0,20,37000,0.68,342,1397.8428531275867,235,2740,37000,389.9992285890679,206.08803161234096
CJ,Tamarack,0,-10,37000,0.68,684,1222.3510372892679,208,2711,37000,390.08630445376485,220.65511845752138
CJ,Tamarack,0,0,37000,0.68,684,1269.5517374627389,215,2711,36997,389.9992285890679,215.69320449173475
CJ,Tamarack,0,10,37000,0.68,684,1320.118174257843,223,2711,36999,389.9992285890679,210.6396691755573
CJ,Tamarack,0,20,37000,0.68,684,1373.2691721926903,232,2711,37000,389.91710041695166,205.64000840549846
CJ,Tamarack,0,-10,37000,0.68,1026,1053.1769046924962,181,2369,37000,389.98776239297626,220.29601095929897
CJ,Tamarack,0,0,37000,0.68,1026,1093.8294245694758,188,2369,36997,389.7526571381668,215.30362189893842
CJ,Tamarack,0,10,37000,0.68,1026,1136.8630391977558,195,2369,36999,389.4029821096473,210.2175851158268
CJ,Tamarack,0,20,37000,0.68,1026,1182.7151424793756,202,2369,37000,388.550607268781,205.18924750276386
CJ,Tamarack,0,-10,37000,0.68,1369,884.0578372627605,155,2026,37000,388.91946522024085,219.92456870871473
CJ,Tamarack,0,0,37000,0.68,1369,918.3532167214153,161,2026,36997,388.57510192343415,214.90158975499753
CJ,Tamarack,0,10,37000,0.68,1369,954.016028419025,166,2026,36999,388.0934864303143,209.781532316913
CJ,Tamarack,0,20,37000,0.68,1369,992.2219665413775,173,2026,37000,387.08725253392635,204.72168159299545
CJ,Tamarack,0,-10,37000,0.68,1711,716.4829701995643,129,1684,37000,387.796613260957,219.5452630371812
CJ,Tamarack,0,0,37000,0.68,1711,743.4121794124421,133,1684,36997,387.3271458030747,214.4879752876273
CJ,Tamarack,0,10,37000,0.68,1711,772.3306905252412,138,1684,36999,386.7067980799477,209.3336776784994
CJ,Tamarack,0,20,37000,0.68,1711,802.9120258189962,143,1684,37000,385.52883786458705,204.2393307667715
CJ,Tamarack,0,-10,37000,0.68,2053,548.9569306306348,103,1342,37000,386.6097004321136,219.15550923279102
CJ,Tamarack,0,0,37000,0.68,2053,569.5730254781755,106,1342,36997,386.0091873908199,214.06376867383926
CJ,Tamarack,0,10,37000,0.68,2053,591.3029440135184,110,1342,36999,385.2343367559286,208.87234551089287
CJ,Tamarack,0,20,37000,0.68,2053,614.4550160435466,113,1342,37000,383.8736895215907,203.74309241538242
CJ,Tamarack,0,-10,37000,0.68,2395,382.28541261506376,77,1000,37000,385.3513631568048,218.7537331998151
CJ,Tamarack,0,0,37000,0.68,2395,396.33364283154776,79,1000,36997,384.6133318991876,213.6273717284438
CJ,Tamarack,0,10,37000,0.68,2395,411.41421853528567,81,1000,36999,383.6705952504794,208.3970912221708
CJ,Tamarack,0,20,37000,0.68,2395,426.81850468072685,84,1000,37000,382.1101848786877,202.31904737305788
